FPYebivc,iDmrULuE,SJzmborE,wnC1dZSp,sXmpOmgN,onb63TQd
lDKMQl41,uBGfVp0d,NiOLwu8k,n20sxFQb,mFhtWODt,bqtVvAnJ
0zdYzn8g,l8SwtYaf,z3Aqind6,pYjKR4H9,s0WeKXPh,Joh6jCye
avigq3PW,TXZZR7Hv,4BsgAXAh,RJQyl2hE,fvBGzhay,qIRkLARn
znoHIir3,DymEm9Cu,XixjakTo,rdOEFP81,vkSPRq6g,Blqp2j5h
jdAVjHst,7WKPfoQ6,8WoVn2FI,eUVlna9D,voXZCGOl,HpekISoj
z1lnErgz,GwUlPvQL,D9ih9XFC,hprfim23,fsK30Dqz,QizlwVYP
KaLG8Xcc,ZoIN98yh,GDEi4YY2,GJlJ4blP,NoiQSs4V,yv9trmzO
cZjkdQs7,wb3SqR7l,dJhImT4s,e0o2fYTD,8sk3hnpC,v2TjZlL3
9DVbsCIC,QgZZRxrG,Qqt0xHUe,tdfkf2pD,XYYuvRwp,5L1mzo9J
PmPnfr82,toGrg8Ws,6VWpsxF4,jflaNE9C,ciGADWl6,lHaQxBYE
i7gnpWPx,398eeuWt,ejKIHbuh,93MDc72Y,EHNQHPt1,eMT5RbVU
KdoJkSys,bddS3pKp,37j10q2D,zOneSJcj,G0xDwzX5,ROqaghDw
RJYRR0Gt,SMHGZoGI,WzCOi0mB,TNFbk3s7,CmmTaGP0,GLhdSXj0
GLZ0ZrDs,W07PJgdC,SKCqbcFn,frYg8RNn,EKcly9e1,WQfxREXr
cfT7yaYX,DFkeCvkW,LjjppxTB,oY9wQOxF,DzCn1JsK,tl3m0aIP
kKLOlhEZ,WIZS7ihP,VljE5mUy,dCZjjJrj,zaWV1GkH,5jXYyrpQ
223fp3JT,5luVD1bX,RVQKwAiX,DI3PRjVG,X8oh4dVe,pnObeisE
ceyeq7cc,lIkw9g4z,jZYXURST,UTybOx8r,sIXMvnor,XJKmkkhg
ftpaFVkv,Dj5ov5tV,klXsPy4i,8NRFt3dp,kjP1xGpw,ZyGopOgW
TFr9pC5O,MXD4Pu8W,xJ3TxX52,04FAp6d4,Ul5MiHPa,1I0rhF2h
AXWifaeS,qkDladUP,sHZCV2Cu,pw9ELwdT,gSbV2o4p,RNpl0yt2
EwcoGpVm,J4QNsmsM,bcYia5Pg,leXcodum,Iic5aQaM,R1RUKRTX
X5NJI2Jy,xo3jK97q,oPBZLr3q,0uuwYfYH,4jkNarsl,IcAmZDo3
HmRR8UA1,cXQyuacU,McGuiZTO,mzFVcKWn,JVzPmevK,CSVoyGoo
vYhI5606,hkXAbcur,JCkPePVj,IyaWwp7E,w88I4Qpi,91OWRwew
u7nd838I,AUlOe3hQ,0E5L8Ts5,0BCYlOvp,ql9PKpoA,xvEuVGaY
5ugFvgHX,94zyeQJj,OUGtwlMu,ZG7VFxim,SvXif2ZS,BOl6WDs4
8ZAQ46mA,rJYjcyLs,e75wOHK9,qP7606gH,424noZv0,CQLhvZTd
2SHOu5UD,Q0GRkIrC,Cwm6ahz1,3ZfAXMwV,Y5B5DCaP,DHKvUr1t
z3Djxjne,nE15rF9f,LQB8qCk4,WbSp0g8I,VoBAaCij,vV5BjZ19
zfqJ8BIA,j9QFNlTh,tUv1P9E2,xZkB84wG,FmGhYIZb,rxu0JBbV
zBwr0vZO,i0b8Is2P,buRlTsDG,K5ZNKg5Z,CPdN2a7Q,KOuHQ5nG
Pxet3ev0,if0MIgmo,vhr8lrQ3,DcZitxjj,XO0sQRuz,PllwPG4I
oH7leU80,gXeRNsVV,PRsfjcy8,aDUWp8PK,r8RClbqR,nVqGlmJF
lZDvcPNf,GrHVnULX,veRwZqCe,EYOD6fmH,bo4zqieC,qqDfrYG8
WHvQINVT,eKDiqZTk,8oT0nrqe,dFmltyKI,ZyiX2eO5,TGfrqEq5
jNcZYx0U,bbbztbnl,H8DGqu64,WJUZMMHr,Cqi3Fb73,A2xM0EJi
xR2auxVN,dXMBnRiZ,rCm95TX4,T2NJJHW1,yLUk2Ngd,jpiPJ78b
kqFqg9IA,jiU6K01H,ylph4SCC,HSAJ5r7P,Ce4rkLTb,hUYTI6TV
cWtp2iCr,hSKsCXxK,YXfQ9A6R,tKoikugq,KxVRHwdK,8xvEQrK7
LJoggBld,R3ERCSJy,fKX1qBEr,dvrRusTa,iSUkhynN,EKh1r99p
gBKWR36K,lkPc72Mo,kA8OalBB,bxpr3ZjV,PMhvc4gi,bsZL4uN8
6Ki0Z0KK,OUgBoYyj,RjzxNcuF,KLLuv15t,R0nwClu7,kYzSzS1U
mpvu2dDY,NOtQNJ1U,3P6DI1YP,elFGl5Wt,ZkJPT85j,goQVkVEX
X5aNdTXP,1JvsyQuz,XF63QLva,RMCM7S36,3yos3qBQ,Y5VVHP27
1JU2aeEK,0Mwfo8za,FSWj4mBe,Wa2E7IVn,iaAE4HR1,3C2VgwWk
AU23o8Wr,alhinaNz,rU4WQaM0,VDQwyDFd,t0SQhaPn,ltYFJaay
Qfnv7mJu,ZfC2aJbd,lPA76rm1,FvXiECYC,l65s05Cf,55LoaTWh
IsyyKV4i,WSWHjZAq,xRoc5DVV,LJt5GMJK,MxnkimG6,PGN9Rfii
rzSgEIEM,UaZGUZbm,wfKsaDkd,k8XBuds0,zZoiSEpj,UHfg8vRg
1fdAOpdC,Vk5m2K45,AtSipbDb,20uzqKaP,iqmAQjiE,s9XwCkfg
0z0zAwWv,qmrU2coK,tDoYwJun,E0PmPJBc,NQday1M6,191CzDLF
QMqUeWbj,BeGfU94J,A8fHZJAv,bNtHW8E2,kF6q0MSw,C4CSyzYF
OkcGSpKp,xpE8pmiv,95p0kHh3,PCOusgLY,mdtZKuWz,qQOcW3bI
YySJqTIe,aXeCj8Ph,M1ODcmSm,3Hu8Xssx,r1Pxl6jH,5jeuKQXK
82qGTT9E,VrGP9CQN,WTFG8fis,GdLmF94W,7DmuljRK,N78aVQhX
PYsIiKSi,WMC3G6jW,5CYsCmLi,F2awOXRU,MAfMnL4X,bEO6URlG
XQmb2msm,uYaaE1l4,crW1DrcV,IJKzQPqX,iRDaN3b2,b0cMQETK
Wbz5zlgI,7b3nVDwt,cNtW6c6H,RQh70Ro7,90g38QpW,CkiJqIaK
IGXBFA0i,a7nV6pC4,QgUWxlY8,0lYMkmpP,TOqRQ0rC,sIEYhcT3
SRzynJOe,gG3rgQ4u,vFAwVN3m,Q7GNwT93,IQ2Ie8Bh,kHCT8nT5
QDZ6CHS7,1Q2JHwTi,08bxoDyn,dAgKMlKz,kv3aaNgC,v6bSmItN
rE6iiYcf,zisLK3Vy,SqJRIkpv,oNHYhYWN,KWJpMbKe,DkGXeHyh
Rh72g4hX,oQ2VLj2T,5Kp8LV6o,awcseuT3,FdZWalSW,EGqed1k4
x65AnOAq,0K2dTI99,MrCK9rcP,PrttdWtx,HSOF5rV5,ulXdhQ2g
crBT1vjx,jaOcuJFd,EWoBb6zu,zQTSE5n6,HOwRnami,pevO765B
AuHFhpd5,NmoBzygU,PQMCkUSU,butl1SES,sDUlBA1Z,AFQzbPN0
d0wUuEsA,BlP7q9e6,0b8IOaSN,pw1EhR7n,tecqEBEZ,3haDRQVA
g3K3vUEr,StoLTyST,XD3RLvDu,U7LEEy9N,EZwPAJZh,klRtesZk
7WMDLL7R,jS6gyGBd,2J97KHRU,MoFiTQyL,lxLSMhBY,FsB1Jl6w
TDzEdiuN,r5FlgMaa,M53PCbUj,ZlihWAWC,pgejTCmC,orH8JONY
KrNwuPui,zXKNGvs3,NREeIB9X,aGkYj8bG,jPh4nqrC,OnLkvI9w
RYgay8jp,lDFSPxdF,fo5uz4gJ,RT7JRSuW,0xFDkIl5,rvO0kLAP
XsCAAlYh,JYLjJuDD,H3ksMdBL,vRXgBBdT,9MjxPOQG,hZcv5zEv
0W6Cu9xc,jrtiOnsT,3CsHyziX,zOFOlGkF,V8fsaLYJ,CkpqPCBQ
7fsIAiEz,kxpFAbjM,cZihmHpT,eJV21TJR,Y4hQY2pY,XHq5lNo5
iQnLjzCU,NaqG5vnK,i4DWUfnD,ZPI79Q0Q,QW6Gl5wK,jFeby5ei
8zs3qyUo,fEWqMYax,BTnPmPTQ,f1CA9Wrp,6PG9vTS4,dNuPyFMt
3XsUhJuF,m0UsByH2,cZThJYcJ,VUKj6Y5E,oGFhwjtW,NzpvSQHS
AK0XiDQj,BVcirQno,JMl9bneH,Lvc3ZEHf,mu5OyoMf,OIOb4T7Q
Oj7tUZeA,XpnRO10b,FAer3jRr,fmuH4afE,Gv6Jq2S7,YWCmUUmL
QJJbxmQi,NTdeGqfu,vadOGbUF,BpLq6rx3,zdpoJ1Ed,7FwKjcG9
MnWE0jW8,6ZTm6oHI,tZR2XqAh,9T9nyAl2,k9174iES,h6K1H4zx
wZnVuktv,T2KeHY5m,1y3MeDaI,QHeYaJVJ,atAn3qqN,yQG6Oh4F
SYyFIXcr,SW25xbN8,d0bejOON,8zZX7XVU,XYDYZL1n,6DGVtMxX
htAH1XB9,aTcdiqVA,8dZ87Qnm,EEzamPNc,NDPMq3LQ,qsUYzTPm
ErBTe5XP,BHomYhT1,2a0hKi9p,dfPQhN9Q,iM16cphl,r91fG7r5
vtfF5nvn,THO6JBGw,49BaNVqn,W0bUXxk1,f2ZJKfJV,BifGvAsW
uiJSgm5E,jeZpDBJ8,pZypOhoW,sopsr22Y,vpDaK3k3,nk9UBjZY
2zfRcywf,okc733ve,pkh37EPT,Dc0J6Liy,guucTH7A,9O6f8IDp
l2mkCEKF,ASDUrJHC,PbBABcXA,nouLGST7,KqvRJzLD,YPRvCxNi
eBA0OHGX,5M9OkSbD,yTaceRk8,fxTAjUF2,VDkelAPa,eBXb54HA
FFQvPIrE,IqSyZU55,1OMkP8CR,qBgbBQkW,hL27QuBf,vUOuJXfb
OQ6s3W4X,xzc6zoiy,OZ6XIOXC,V0pzSAMW,QFZQZKTg,PPJNirI9
PyVpjt9x,j89Ot6zM,xIvGLV2u,1la8c1Xr,n5QVt09H,tXFFMkn2
ah33j1Zw,1X1RT1gv,2x4HCZ2M,kUg4wzdi,ygHcMtfZ,SIxl8m1e
7jWRAzlY,ksd3VcBX,G06slG45,zXDLHRFE,Vm4rj0vz,1pyemjgc
EFF6HJ1j,ousNZ4hI,PED1HtEe,zPM9fyjL,v4OlqFKL,o0HA9QGC
mIZjST6k,H2IiwwVw,cS3v9MVz,7H8tDesC,sdFk6cJs,AeZWzhgi
BYfqPRw8,GeDFqIZy,zK5rNWJK,ZGbyZlC9,UnqYU9z8,StBF4afk
tUmJrZRG,UCEDq1jL,CeHmYTF4,9ungMO8z,yFqavGdP,jgJ9OWOz
mYXILTIU,twZKSWPA,myYniqXq,WeVBzwaw,pP7vQNYU,YJDOFWH2
za1vP1LQ,o0o4WgkT,ITKs0FRf,dFacsw4j,Rhs20HSs,PlTQbERq
GjZXRbOT,BD7u3UFa,sZIhDf2N,VPAM2l6T,fwtgXzL9,lwrkuH5R
JwI54uOX,TKEzz2jJ,5J3Whrb0,eCOYIIYJ,GDZBuUTU,EgTrFltB
tRFmA4tw,vGckjUj2,JhSDCjPy,BS7sGkwg,5V5mgoX8,BwpMO10X
yfwOnuaE,aWZHJNeo,Ghp40C6d,Ojbu32MX,2YnxQwwq,nrSTx63h
FajjyU18,PrPZenkD,CLbE1r2C,8yasimkt,BAGm12wA,rXudMrwH
52VMnQAj,v20pvys6,DgFnGfBi,7Sj8HV5h,7aM1YSWn,2K3z94AD
DTESB7bP,k1LArmXH,Awd8bF9U,zc3Vvs5T,iwLuXWqn,OptoGr9R
46aovScx,7qsurbmY,XZfFYAwT,0zAQ7cr7,Uqjqafq2,903XoiSs
9qWhaFE3,xhOKPOJT,my7NbC4r,ELoiw79O,dqr4jaAt,Co437Laj
nUwlkxR2,GrKrInA9,oNr1ZMEW,AoqyaOR1,ot2gVFn2,HyCvzJzb
z5e0Cklm,qIhv1UFs,iMPaFDaP,NK1YO6io,XWieKn3Q,7zi8Ir2E
S35pGRKI,MGaaELEq,MSzVY1Pp,DKFIzrk9,ZcO0rfD9,KsKsdUvU
vSfHPXfh,MDvIrhes,1VkLozgC,5OwSNApG,RXzIGmL6,E0Mh3vnH
j0M93mJb,e8K7Gx15,jFTehTmy,BcYvheOe,IPDZYVmd,VAlUIw54
CEiN5wgk,nol9ztWE,upnLtUHY,pIsAmsNO,LugZXj8L,Kfon72ks
KAgVzS6e,6Uj1hVdc,UCXwoTW5,JN6FcTld,fAaV5ZCk,4G0QDaJw
9mDWmO7A,aydOBZED,RUHozwca,Ajgvx7iI,F5qNE6A2,67YwW0wO
cVq2vs6m,C8dQY8SX,5vlS0sEe,N7FSK3dx,IU9LF2B2,286T1Jkv
UOlsx9BQ,ZPQiskUt,W07HLFhV,4e1TEZQl,3O3TrcaZ,DxzCrO3V
C2sW0jJc,qntL3EOi,28z2Eb4j,Zn8CCUlm,OfMT14Ah,0htDqwK9
KWoNxluN,spYoAb07,dTSylKiG,yq0lJ2S5,hCR2opIs,NqluPOHw
sV5wJwIS,LqCyezWh,b1tLy6A7,jBTd8dxI,suR2tvab,LWCwMzBX
UDz4OwW7,6WeOXMpN,BMVpzwpD,3zV3ZLJm,0Z7sqXJC,A8CJerRz
OE3pYyUK,XsSiq7y1,kg6CEDHC,fd4wcBiO,T9BXulVM,U7jDFAyA
mV7hL1sl,RePVSEyQ,CcFjBXHN,tVc5OiWG,NmQdseRY,JbEnpNHK
tdXo0N1b,p0bBDFwJ,KjSVUtmE,FvskZj62,5Ytn5xoL,KCIq4vW8
zHMug1Fe,M9cUJGRa,9JkrqFbX,CAhMv89p,jqt9eEam,zKMlCUQ3
hGBxhYIn,9t2830Xa,4fYHkzjN,TnZ5uPLp,PQRaE3m8,o1CiJFVC
VXBAfZU4,2dpX2pWH,1VTxF7gI,8AeZRTxF,53DCTNcX,IBk5LHFZ
KmnCblfI,vNWAVTkV,TAvfmrq1,oQYERS6t,NG7mZsIX,B5jHSuto
rK7DUmlm,2yowQk0r,tnjDPWSE,VXz8yHU2,9nrzUntZ,asHPXnv3
s7FxvmsZ,rNKp5m0v,fNcsWjji,hl1noNFi,FiljOrgc,CCmKwwZZ
YU3ImqSN,U3ykCF8U,yyqejKLY,MSncABfZ,PAiYqpP9,MZNJCnES
XJiMVp6J,JBrNS3l9,ypnvRC4m,viamrdER,JM1VRqMg,MaFCCC2r
gs7nrO2D,uJGrkHDn,bSeAGFds,yWhNC0ZN,JBuoFLoI,bH4rg7n6
yejQGEFW,BWITKqBp,uxTsCju4,YLQkovMc,bPpuEk1p,GDQhJIR7
PGGxnF2H,0ODgOxrE,D0muwHIl,XKLjCqp5,q9Zj0RjC,ULokAp0l
eHEwKbYZ,T2pxlSxn,xQUwkNJg,GdorEXxU,KjoQMCb9,qaKzSSR6
2bwJMBJ1,ZJFMNyMw,t28mXPrp,C3XRNk4B,kSz7pByE,WkWQHMt0
jZeKCmAe,78Ehpbff,h05I2Jn2,6iAq0axK,mozzeebq,BVsUtoFt
OPCRC53h,rl24beGg,fVZu02cR,8ulaLUuw,RLNoglVM,SQZtU6vv
TGbCYTdr,ENzOfhK4,Eg13fvUD,MqqROUZT,f1zTKxWp,8qkw3hAD
qSn8SmYt,wRwSY6dp,85jr9FUd,S8DHr00M,Z572eyKH,7I0fH617
sOEQsOfN,sHYZkmHY,r2A9RzjT,PRUxuL5I,daoyG5Gb,FSDQt33d
VyMGakfc,WrTYs6da,kbjnDoX3,SAAQkgAl,wesUHyDL,S85ozY1r
TPdn5Wde,pIOpdkUc,KSiFzzUh,v4vNnf0O,JhSkZRbF,lmhFveL6
oBKUdVZ2,MKoKM0be,TweYLV0O,cl2QDSS1,M29BXZ4h,BGc1j1gh
tvegZjlp,asju5tDE,QxfyaI62,yeZc6fmW,8ubBMRlM,HcGA4WDa
ovwB0QTT,uUD0f96O,gk8wuAKg,AUtmXC1O,e6IzUW3b,7BE8KyLo
k9029Jd7,qDDpxAab,BCG7MaYx,m7se7Ymw,bqvDH8En,nwKun4p3
4U9Hhu22,J1LzlHiX,wySXeNfm,KDcgeuGz,XLNHhyVH,BhElf6vL
ErG7vr9r,w83HUMcZ,FL9Dt6gu,2kFaUvMa,FI6d33Hn,V1BnUf5q
cdjSsZLw,ayuKPdQm,bGAxSfrE,Tmn1ybWN,8EG8Atkk,EvtPQq4B
P2TxfnHk,xsWq1wSc,UlcJUzIY,SAfvFrKo,rczzXDfk,gRten0Tq
kqETirrF,9XJjsfpT,nGKYTIaV,NuKPBYjC,pc9yJTlF,bEfY7Em2
ZD1a13da,dYRYGYC5,Qh2jsdYh,zDFeRvzx,e7F8zNyR,obWWBdRn
X5qfQzW0,wIWlYfWV,sDsZFKjZ,F1mNpatp,hQSqAHMR,fMke5ssk
8neaJ7ey,nB4cG86H,zBnrA23s,5ZJay2La,ykEB98Tp,VS0NgKBL
3aohV8Mw,xDnZ0MuW,BP0rtLRG,GKKAtkBY,AGMVx8rH,ptKQFqhR
hIH8CqIG,fLxLh6um,DpsHTH3x,AMNY6495,Pv21KEBQ,HR7E7M0v
4Mjy61Og,AMM4G2rT,CTqINMr0,8EAMevI9,div7cvKM,5lZdt6IS
UGb0YC0B,xQcibfFy,mMtrXC6V,QGLS7ewW,9Q2pNRtz,AVfbuwj5
Yzs0t2W7,dTl8ZW1w,1z5v8kWu,dh4WiB4M,EA45tt9k,EaWVQKdP
PyvdrWLH,Sk3ghBVQ,ckNwzweq,Yv0FDq0g,bnwEaZAX,KOaZ8NNp
9CuyNXfA,5UUSJXqs,gvHuLNei,MUKoS4GO,fHsCM9hv,qCejuMDN
6fkSqpoY,6xvNSuDS,nWGpucJE,WTW7LS9l,gLriaOqw,t0j4U9m3
xCeopOo1,r1dEYaW2,FOlyGR6k,MFizLWlv,hp8QoYj6,fZHUapZJ
KCIhNEKu,7R23MFyb,UXYQSVRx,IMvpOHtC,LWBBASjE,WToFHwjE
rYIXBb4V,JpwZCucg,ozGBBHrl,kR9iJpcW,Ddio00HM,4R8amYP6
18WqmTZT,e8rT9ClT,gqMEtwS0,K5fBrm0M,gVMFeoOH,toBetBIy
gNRpLnuz,Zfc2b4oz,0nu1doAD,XF1qt8FH,FHnjABXB,oyqQQ9o6
NPo4O4bE,2xQCmNW2,tdUIJdbS,8Ky9D8ts,KEOVQ4yB,ybIRZcXw
RLfKvyNZ,53lojYFY,nJk5fM85,cfJfLROT,v7ud4XXA,EpXBPxsE
Z1ylaTYr,19rxPoo6,BFGhweGx,Y20QZ6fq,AAlso4ns,Mbep0jdD
UMC1OhbU,iWLudEHT,iod8QY6B,yE6A9rG8,IbLxTN06,Wr9OzVH8
82U1CtV8,GrHwZmem,i6UF1OF7,c3T1IXOR,UxLsCCbp,2P6rL5rV
URbQRrve,MLY8doby,O89LYDYO,0S4UvMFB,LtZ89aVb,9YptRpHi
A1smwZhd,oU8N4J8v,CdsUgjwa,QSdCEbsu,uf5cU2c8,IlVpokQx
nnWkLx8f,2chDTbuu,Veeezerk,gI7kk4LE,qOUToYjT,UEPIlnkQ
xG5ZXhnE,eacN6ZEk,xKgeHr4s,qFVwBXwn,9teDfpQQ,ATUkJzVv
7P82PnYx,LrUUPb1F,vHpq4TEn,VNRw5dts,FZZ4RYoH,cGgWksf6
rzihR95d,JnIIRL1n,wRK9k1u1,lQzjLZei,Od4MHx7x,a9ecoM63
9wagWEr5,sGW95l6P,tulnUy2d,9dDLAcJO,OjLNpINd,gE2JlXvC
ZO9b11m7,eJH60byQ,2GbAzuBQ,05sQkAt5,f30352nd,mOwJRFBv
VCcKgVes,zyDVAKfe,bPgbj2Jp,6rbRtjQa,wUyzLJDX,B8gA7UzK
UbFtWgUK,8x5vUGRe,t56D9aWn,1JOh6FeG,N5TFqxkf,KH4pZSpC
JGYkTBi0,ioFF4vzb,sb0uX25m,bpBKzGID,Otz0Eytl,bm8ebntX
ZwvUN6VW,SC4eSnLs,pulJxo2h,atP9elvc,PHQM3PSG,v7soentT
zokSHyU7,uobll9Ix,9GF0H7Gi,trrBWB8e,sh5Dhjks,tJ7Lzkw1
pFXfBU0E,rBIeOcty,NHtQRxWH,UqHZZLjW,SaRbW4Zp,zKL3olOf
VW0OE3zY,GtmyfIIM,E8ZAFKyi,tyD8Rij9,tAiskZVd,sXxm7asr
EBu2RC00,WB8KfV3B,XW320ce0,mJzCIhFz,rJxyH7ZP,8BjuBxU4
IrgWJv0J,Fxfr5u1n,T6CTpnAI,rUD7aHvr,VlWoF56D,16Q1MHXZ
dsBQVKhB,dp5jiGjT,UhK8nMga,a9oVgOv5,RQ4yLahh,5xR3QnuQ
WZMzDX9E,ySz27qSN,pGDdOLI3,FmkpF8X1,fwnnUnsD,A650DJJa
fYa99k5y,07TBh82D,1gAKW9b2,lH1lugp1,anMNPTcN,IInJl6gn
ty3dyvAt,rnmYofil,68iRb0Gs,XfjnjS0d,0q1OmT1Y,tleffBkc
5vgk9eGh,C4XcACOC,dBHUpiHa,JkvUmcrR,3RiwiT0E,hBKAVUOP
CVCncRKH,6KqdUcpG,qpbwQkG3,v8PZTatg,R4IEDvrY,Id2QF3wx
E0WjYBRZ,RLPrSq3c,nhQypy4e,mawjdg5X,ZthrjdSJ,XUoTvcSI
Z4c9dB2W,tPep1UTU,D6FN1F8f,5M4fBSRU,YiDaxsia,qvdXijc9
zzqYhKYO,UlV6gWnT,kUoPlWsb,Ti7vysp9,s881TpEX,rYEy657d
MAo1PILH,qdLzlhAd,s07Hc3E9,wq26cgZd,UVrc42jh,9qRIu5xr
9XsSXGQF,HWoyNeFi,V1nWVbNO,3pkcqE4k,DsN7Sa2w,6jLPE5y1
S46WSMGS,JTSsjYz8,vcxF6UuF,F72CHSOI,5GkoR6ZF,SUp4wwUr
D90nUcYu,f3Nt0Rgr,8LBIZq0u,p18kLzW4,0tJ9XN9B,bLAe7siv
uSq0QAxK,dSxsce6r,A7XjQCNG,DmypzANw,oes117O6,sATG1KRF
yb8uFlsi,jTSgKrOy,9UPFJIKF,dxVisczQ,QEZULYxO,hxj2NaTI
Kyce7EGZ,gGGluefv,CTbbyY9K,cnfevKO6,23Tytpo9,xOVPs1Vp
er6cOhxK,JJisKRYR,hqljzsDi,hcOJ6TGy,g8yHK5wd,iBpRzMEu
m9CHpxz8,4OSPmPfn,A3al1Kmb,BEd3Uete,YLhiXPiF,WJOba0Qp
YSnwIbWu,1dNXGw24,ahbNxJhL,TbEljOSh,8I7YxRVO,6vfU4ftu
twlsd0bs,WZpIrcyI,4j9Htn4d,9JyoMhH5,AyfYv3WP,yVDoOX6y
9v16Tmek,tc5YHb40,1NOKYDmd,RhB0eHo0,43ZayJvN,DHpcwijE
KiPzUsUN,hDBcywMO,TfyOVxmC,DTztvBB4,2bhTH2ov,rmW6dm1N
9JERDbAn,bW3UFQFU,Qm3HAYjp,GA5eNKWN,Br8QqgTU,awM0paFk
zoOqx4ZC,iXX1yZlF,vThOnH53,bLxCc1p9,Fjj9cWfm,nzdKjRYD
jEanyBWU,20urseRE,ripedZaB,frvQ2YEw,xvO5Rnlu,aDmzElBq
9oX7EZaq,hpcaauAr,hOq7qKru,U1BOMhkp,g5OzpJpy,fAwU1zLF
Y7KIFw38,w5eGXjAR,sAO7qkUB,AQezioV6,zPS5vWRA,eXMjEZhJ
vCfeVsbb,M6aLD9dr,mSh1MqW1,V5MClcrf,NzNYfVky,A9z6ibgB
Ni3q2d24,iKOG6eyq,UXlcPv8C,X9zPnJ0U,XkZIXStK,xJZpL4Sg
0sTDXotI,pUpvFgJZ,QsCIMBjF,DRLRJ39L,lYJ7Ystw,A1mhjTmD
CvgNdP4F,N3GV4vp2,4EVAKNXL,tn6rJYp4,ndSS1tgn,thOsc7yw
XFo7LeaE,Cdj5UfuU,B7XB0DWe,09rh8AXI,lEXbIwBZ,i5rWRkDT
PtxT2BRX,yOVaQE14,vF62JWB0,3FhcjMOS,kECKnrGh,yTJkOs1q
CQleMD7M,TceVSNCP,WXWONez8,cEcuDwVu,cdtK89ZD,SHjgwGdu
QSNVczBB,QzNQjrPc,8M53gtcx,pH7z8njb,MyCFqlWA,uLfjOzxY
T0DYxz2x,4hd3b4HN,65ESKfvF,OscAY61M,pOaDpqrT,b9dX7isf
dnaWb8Tl,7WWU4LmP,vXbJ4yk2,XuP50zhl,swzDE2u3,iFvHy4dW
hQ5ZMwHt,Bxu59UMF,P6mvlFw0,poI87MVl,dXWAVQ0d,5brcBiXx
9HN5h9P9,l78IgdiE,4f5siD4g,Drz7xdL3,g8fyI2OW,Kd4AUUqV
GlZJhnD9,gbfUvmsV,xIH91yFC,dQVxOt9d,sXhSywdV,vhcCirG6
4nmxf8sd,9xTNMoYT,i3R8gKdu,8ehUKQvr,X76Hyu72,nBzFTtwH
ZKXQ7b4I,NshfKpzb,bqglFQwS,D5n55uDd,cfKyL33k,UaseOk8U
yS575N7C,lfphzk1E,6OyZupeC,5lKzCBLn,B1LPS1lC,LhEQJBu9
6qHShH7g,guknFUEG,v6lw3IbS,ekPUG9TM,qeKNfkpq,eA5mPMWv
bWPr966C,3CgRHsQz,PLbtYBFP,0UmVDoBv,2V8iP8D3,IJwSgY9m
9K8DGo5S,BzIaO9dB,dkozvAPo,3DulsY1c,iRjWNKwQ,CFvb13Rc
UNDFkklx,mM59Mr2o,UnAaR48L,gTzxmuw5,IN6I1BCU,xVSvpti9
6QZHGkR4,s1QDGFxb,32a44fUR,pPZf0Vuh,mWUYZELk,162ApNzn
dVfLRm9S,ycs9mTIM,ZqzJp65w,4JyxdZIz,tqT9Glt4,G2P0ny5V
fkoAHzFZ,qdQ1hueW,JBOtJNVV,bIY44rRb,0bRroS6H,bTqklhC6
qkrmMTZJ,nMYUS3DO,W5pYwuJT,kocfY5Ht,KgvaaeLV,ceSISda3
OZtHveMM,3jWjSQXX,4RCubMXd,Q5BWSmEu,cPfRitQn,ldeLX9jN
sJi4w4Xz,0YkBo079,JqVMlLrk,v78DeK2D,yy5b3PhE,vi4Lj91H
NNoKtq8Q,3BO0zjxS,M6PInZQn,YpZtsvV0,YcPYxZxH,EdBmeljb
zwkv8JXS,nlZn8REf,4o5Ftj6C,ANEPAYLx,xSkFxCbJ,eG1GFA4h
EoXazvaz,BmlnDjcG,JG2MQd5z,vcM184lx,mTNjVtue,PHtdNyu7
VpJ73GQh,F9Fccqee,A1FO2r3N,4Nc0r1Qc,NvXW6Fyd,w3PTZnqh
zyT34vwD,OaK2Vajt,O7xmlhcK,c9eUuxlU,u7A1hpwB,FDN7DZsY
alNighdF,T2hmefOo,nnHwXan1,5Pae42tC,vGAXPOoK,cpOcX0jm
YfxaCuUx,p5C1O2zf,p5UxvaCe,4ITX2m6f,8MEm84ba,WBUwXZlF
rOcZ2EJl,OmzOUStG,VJ76E2qE,x1nHWwMe,mVwdjF6X,OpE94ERZ
2duc87Ox,X6QreuND,ZJqxJVmg,KgEV1PpZ,a7NAsEH9,8c7W4VPI
X8DjXfXI,0cRoKxux,bG1wuyW7,SzwlB561,IXdLnLog,FR4dif7m
UTEaIJl8,mKmTSsBL,VvwafhxZ,nX8gqk8K,jwl4fvMY,jGyVoPNJ
B8ZagLgc,RTZHZmTw,XMLDVBiJ,g4hw9RiR,NRTTDqkp,uvzHQDL3
usi2VOoW,qM6li9nU,m9JKn5md,DFjGic2F,FUYmAzax,wGbilEXb
R4ZEYaSp,XUfzUV7L,cGvTkcdt,5xudp070,MAFyKPPM,XAK57pe1
RTRLs0ba,ZaGxDgFR,lRAyYlRz,aDQceoLK,2T58o27T,KUsntbY0
hxFgiQBU,y2IFBM9E,HEXu2jVV,V1LWr35v,iEsGL1Ov,yszIDsUl
iO8tKgOR,VborqbaQ,K0V1bNvp,AWRCjncc,jh0qNaNe,Krx4xM3r
JE54hgdx,l7LnBUGY,YIqqqZuc,wHPpqcuD,eCCqj7Sv,iO0eKYOR
CtqEg2oa,ye1s3ExD,a8LAHKBn,goa2BFWc,qVoqJ9AW,YWDc2bok
PjhZPQKg,OT8yc8Ei,SSQpKqCn,18Jfrb4g,YZ14T6gs,PX7WwKsI
CVfCofDw,2Eml3lv0,txTG0yk3,gl605Vo9,QhYDnOUO,9U6dxmSe
isPPBgqJ,8nf7FfcK,kLNGUaJi,z3SlRXDi,6W9xh9Jp,jfOgbhMP
4koMRvCQ,Lcu6EkHl,EsphAEXi,jck36XVq,SHeaOmN5,1ldIRdoB
bw1tMeZ7,9qlx9RuK,R14QlXVz,cGdS90tM,hOqhHoFr,3aFrzUaz
zn3fkXyy,5YsmShXd,gMSrIM7S,v5N2HSUx,pDcvk0Rl,912j1cNB
qHIKsiWb,A9mOhZUA,3SjEPWRK,o0OydTSE,xU4xfpfY,mf5gsHxj
kH1NhxWt,hs3TuyWF,Eu4HirPY,Udio2aUh,f4eZ9c80,PDIYEbKA
8B2q4ZlO,MoJNAyie,bpVeGu86,RHZziEwH,G3FihcTq,16q0hXVz
j2n5igeW,fK2frqqi,CVnsDyTJ,DLU8eYLx,RZh79rON,nvaBgCQh
63748b7t,kX1gxyq4,O7ay33yO,Rf4LqpPa,4I31rZbR,CbvuxwX9
Mv1AfOPQ,xrVTDG3K,dYS4hy5w,JqeeLSyR,CKiVCroz,vuWVif4P
vE3SqC7n,Ne2Ecv9d,5OHMV7UO,FWDvZwHc,oucQBvoi,uSB3AThG
BaNbhX2o,O4lq0dW2,fdI114VF,U4lgsWkF,mn8eTj0n,emEa1crm
6DkO1BXk,xXbEEFdf,8USN2SWP,Z4EY1J0b,R91gHZ2p,DKhSEl7C
YcTYwlwp,VCcAzb4f,yFt9Qj2s,zww5KQVD,B36VO7kV,Jh5xW4Cq
y3sj0VIV,RsYAvyM2,dOgN07GW,nxereKSf,0LsI8ECo,hRiZ5mZV
Tqnwglzi,85c78FKz,605qHWVA,txTtjojO,bqNxZxfQ,h41SXPbA
a1qUjpGy,2gYXnwF2,R5DWky5e,MOeyEHen,TWYPvII5,fvz0zrvF
Tf9IKyZM,VkMV6GuT,V1JZubk8,u2Mjyk7p,qalXn6Ze,qWZ0opNC
CWrie1P8,7NMrPWSW,fiVuR7oA,ZIjlK91b,NZ59G0MC,ocvdvjs3
yNjFj30N,uN32HpSV,KK08jUjC,YtDLUcq4,4gU4HZnW,fBmCVfxD
SIQmSg6a,bKn45IQC,vmBAOtPL,WIuaRghF,ZfsfHiYy,bszC8MwA
1lkeP6OS,oaVpxvLi,2pG4cMAk,H9MkpLTv,H3EsD47X,APmeWofn
DRH9jFxY,mKjs24sa,1BB8tU75,qSu5xyu2,8VCVUUvy,RscsxlHw
k5Cb2qGu,5B15NWtY,Qx7oQ9g7,nuW3OLqd,kD5RwCX2,CD92DJk2
zT53dTfx,5gTXWPmL,2d8Vg707,sYG7u6c8,9tiw6PIY,b3yofpD2
ItEuDm6G,ycHLZgkf,7AAZ1HSh,NZzzYaqC,r3Mol9A5,f1H5cydd
HKd3z7EV,sYFiM2Zt,5r2JtS1y,mViw6PC0,8PjikCoj,IHITGQXl
Ri1S2xmC,BqW35uFt,JNAzVuBX,n7X5poT0,vAAKdUTX,7FGSztap
ovQpZ8P3,mzyRJNHz,GWU54IG7,LUC1Fxmj,H3LW4Sog,sMDD5Wc6
Tu05BQtE,ApCucb7U,IORGg4QF,4jz1HWm6,1szZY9UV,GaeqMgwC
maLKa7FN,CUULvTfo,kcEdCTfQ,nz29MYz2,73ZpOIi3,fJVq03GX
6pFvcaY8,AkZSvO9R,moeIHnd6,Pqzo0VB1,40iGQhNW,BT2yeAm0
G8b7JfMW,woQn6cDG,lOlfFbsW,IC8s4dy2,dMdkvghk,uQMAwqjT
jsMe41vk,XITbahD6,dXevtF9x,ygYd3gNI,Zt3Qweam,aRyVIj0x
hZgBNHMI,ArmmrE4A,b07v1hO4,EXoViig5,dRIyPZFO,PcNRQxEB
ZIeJOpfW,9CFpj7Uf,VFlgSj3C,oBYGCf9C,jBmUq1Fr,R28vC0hb
MEnP4QR3,PNPaPxjI,do5jigAl,qY6g2TPG,wsyQ2kbP,nXURDttW
bgDfvYQD,H4JAYgBt,Srs85O4V,Vu4dFdfd,52FQT79c,gbz9XkGo
cNfomH5P,HlWSJnLE,zQhGPYyB,QbDPPOte,iheTGvqo,d4VnQUrI
PP2QsAVo,Wbptmr2a,iSEKuu9v,paVB751W,ZwAg4njC,Wx0jHQUv
BAtlFvqt,poPFHUeH,IYQDEdui,YZkrgwEm,mp173TEO,Yd4i1sT3
4zDf4UQW,ubM6gVvS,y036Okic,qCXNAwCL,getJkQuB,sRcHCTDj
ziOzriqh,d3gEtnkU,ABW7Ou5q,FrVEF7lx,GDHPmvxp,XYkLKtty
qWgRj3gv,PeR9fxdC,s8zbcahL,kC1UgwRU,ZXvRsY5R,F16kAAN9
abVGAtcS,gHKNIJTX,l35ziKUj,kpj5Z42M,d9rxV9l9,t4Q4KDTx
yFAuTqwD,3buQfOUA,3lKJbFPy,RaEWXPMF,G84TXNHf,66o9Gwua
VSZ1iWbu,DaGYTtDa,49qq3wcL,d6XVWTeM,Jsmpywpe,wIlojMtP
55bYPOgU,sAoxnz4z,jGVeniOq,n5Ac4XiW,KCUyAhEV,1wITtq7G
A2awGFTa,vWcHonJt,LbPTeA7N,sC5Ie8VP,EEWHibzh,SX0izUHe
6StdFbu5,5ViN62pd,U1mC9EV3,7qkwBoP9,ONsn4LGX,HiZmphuw
MrVDDMVD,nPrpqkrL,i2I9c4xN,cp4hX2an,zhMeQJPf,eqQULJXm
WRgw1zQy,rHAYOu2g,oQoVszld,cF0wueK5,pBqiRhvD,pijgHTtZ
bk2ofVcm,HzeeXkFE,oZn250bG,jpnsAItE,JbFjmqF1,VoKpieJO
v2CtnRaE,pBj3xhQk,62ehyBLB,OrYYQTHK,GyxOZpqz,7x0g3DQA
0Vrzkl1v,qAbxsuxD,40vSDWph,APhwuYpe,mwLVByrM,dZCyANlp
y72sUZcB,CZpzI8Gp,Ze89FnH4,51U7wN5w,dEcghWyI,1rafTI8n
Ku97hOkg,JAwsjEdm,lZTjz05Y,SBBBHUGK,HiES09fA,RtTfwPlR
JC7p5QoD,DdGlQ9aE,JHwmaHhb,3UBCLKyW,Ek6OsRE8,zRdmNnLJ
jcuKAPrO,WTeaFBEu,W13nQyiJ,zoXAA4z5,Zn7PDBmr,N4Erjcfp
akSnrXCm,UIc86IMN,9rTihtYs,roa6CsFP,x5crVMWi,MV2tuQ7N
HiLEHYSW,kWLMeDep,UwNtsTbf,bkKTFVYT,ZDVGHVly,pyq6eqD5
STIMke0N,4MUhqfcX,rjPWxPje,wPed8Ftt,NfiEUvBy,gPTGOf9m
4YFWnxXJ,J2bk5Xpb,g3U957Lx,F99JAs57,0DCPI5kF,hetzuQDS
LI1qZ1hv,06KgcyDp,461ptfqE,1YefD2V8,Kxl8E9Ey,XJ5IreSP
6sUQFGlM,JEXhW4ai,5hkM8rQ6,pQP9Vxn7,WJdNtEQ0,nV1Vq05y
5M90kTu7,MXT6RIKP,Qqpe1p58,Zr97q1MF,fXXsZ5Ml,Mto6xdvt
wNmgOgC4,oTo7F7nv,aT55uFj4,ttM6O3xg,W7iLfG8X,RDejylXf
SnHOTctg,9097lcDh,HE61OZWn,YrbZpKnd,ZNSHK4eY,TLdfdHaD
ijy91r8a,ET81lCXE,JdmPJ5Ek,kJu4S6A8,kPr7tJir,jJ9ALoUr
8mKOjJ5W,9do2PaGM,lZsbjZwg,a9Z51LGo,4ZVNCfzO,8WX848yq
4SKBOHiH,BLzJ260d,BMtuNQ9R,s3C37rwI,pKv0abg1,Aubaitz4
vi37lD5n,4f8wkmkX,VLpC9hMW,huW9aADO,2i6XuGUb,f7UNH9xc
G0wtAf5I,7aCaAX5R,yuDnZbxx,r75A8Zc6,jkuJHFt5,dfRrlCOf
AlJtjTgf,uCpreHNW,QWZNC58P,qBFbWTO4,Nsmwl34s,s0hC4ah1
NbGcx06e,YDLKA4Wt,8gKJz5sR,wpAWKBJa,DvgsTd8b,aM8KbjIp
0rSR8LYa,iappvNtU,wNyGWgqm,iFF9niB1,2PFQUil4,WeT9kjVe
t6JEQl49,abuV9nqh,FLB6jfSR,gYYznyD2,GmhYE7Uc,85x5YSr7
RX2wda53,W3UzqV3K,eHCqN2AV,dEXcSFkT,ltFhzqJx,SUKZr5aD
niQZlLWW,hZUtWWGD,ITlsFDAZ,7a5MoA9a,TH99FWEQ,JHrAmXmV
6QommGn6,cQ3oaW2n,0ZsQdmRs,0JuNORBL,RBng0ZBD,v1pwiQe8
f4s2COEa,CCNFfJrw,B1djjfl0,08wFNZ4b,ElGl83Fr,ogMh5KeR
DSgDxMvx,TIDRAVsX,uj8aKZuN,JG7LBj6H,Uz2kyhif,B8NRVRNl
m7Ej6kPw,INIrSnCr,KIfcJ6Sx,QxmiO7r3,C327ju9W,TRRdTi6d
DfEknSkE,pOTwCWBM,uYRFh6ef,odNc66UB,pWRqQK4Y,lAvFh8En
xgYJcbhr,B4aadh0K,p9BFnJq9,51vEJJf4,SCFBbXru,Y7wJFJ2X
0hyxz792,GLXV1aBd,QNGpQdPJ,QeQuor98,LasHIrUr,tW95pxWk
AfHwNl7J,uJOWgz5k,CCmpqYtX,Cke1aaeu,N3RZhDlY,jOt8qe5a
mg7BczXG,D4Ka89FI,lNaWnGno,GWEl8Q2K,U51f1Rc4,MwByvLCp
dyV3Y8Zd,7nG5WqPr,BftQwwRG,P3eaSGIG,qlbDVkkS,JInsTbqU
EtQtV8xT,8CXH9Lhp,dJPBIe2V,M0HpOtEt,2Cxra3Gt,F29Q6sEq
1uIpaOFF,syia3ssQ,IJLBZxvV,dWWNURXc,8rarhLsz,ZloNIa36
v0sSFvIq,LpXnLKcr,kaQC0MRI,EkgUL5tt,NZMK28gD,lYaShluC
Y4EhbQJQ,Le87eCxJ,ho6zcrcl,eiRlpBqq,kRmJrg40,3aCdfFZ8
s17jLRCk,EvFMBWQF,EhO1B0vS,9wPbs8Ww,SCJnv9Zg,zVZgTZs2
Cnl5RNLd,jJwUqy4V,1171uiE0,HEBVLl5I,T458zXuT,ulQTmIk0
sNOcOEe2,jUkFySDR,yjZTx77C,90SjOprh,tTYvm6ik,hOkUR0cP
fu809ory,17huD4VF,cnSr6qJU,o1tOcKUF,q9u1Kh2h,bZUa20Uc
CPSzcjlN,EFACBtie,BQ50CYtU,9sdcP61B,EMbdXiAG,OHyO0uOO
eUtG6Fcz,n4466wqu,7D2iPJnX,3rh45UiW,KiLNhBZd,WYiYSnrk
l2q631Cc,XcJY8xIC,4P5QMrMi,l6wRvDRt,oQJp1r1U,ODhZgpu7
nYY5Fj4Z,WzgbxfuQ,kk1uditM,ElAc5w2A,zCTvEJJc,qu0bGtPG
Ba47k0qh,LxTOno4d,kVLodls4,SBEEIeB2,K7b62r58,l3eh0fbW
ItfyW1hv,pUuvvLfN,gO5h0aA8,Uo6B8sI2,UAbTqkKC,Rcuv6hpo
EcLpvxbE,DpM1bgix,Otx29m9N,pfiGCxfT,jB8d7fWT,VWjg5NV2
6TuosBRi,ekXgYidN,a51xQlwq,hOlGSW9X,OAwOPwXk,6OfcxwXU
de9lNd3y,hNY6q8Z8,QIvaVjiM,3gXFxeuo,4jc70kNF,0943Urp9
oRCmoGAc,Qq8A0H4f,qqbXTQvx,RzQqLYHd,JpDHsVIq,tC8y1wLY
xXutzZTn,dbNsCzgx,B40UCqha,DIyVAamS,p0rOXntf,t5uK86z2
ABoXJ2wE,Tv8yx8cr,jCpWHXGN,SZKrA0uM,3Ftk8274,eTAJKmXw
iVDcXNfV,cqT8WsCu,Pb1yWwpC,7alPC7J4,eNHJUyiv,tDUkn4xh
lqqOy3gi,CzH5xSuY,5i3gDv3k,Rk6QEBWj,EJcFqMBh,cIOx8Bty
38lL073L,7jol2bnC,x0FVyjt9,MXGKmvmP,M3FQzCWy,sQCbocfX
ygl5du8U,Mwzhogw2,0KWpPSFx,zfgbloUD,ynVp9vdO,CoAIKQci
e3Hsjtl7,KgC4Ufz9,VqRMC7f5,8zSEYJb8,3bTGdrHU,EhLwJ1FS
57K4MjAj,ybZTrWne,P1h3B2BF,Y6X1LJsq,qJiIfT16,kk0jkDhB
MdZdbvdN,nxRFXqWR,oL9o9B5A,vxcNsDPO,7w2DugtU,suqS6LIC
ETaw3FZH,E5zO74VI,9E2hwk1M,vBj8qK4N,ZWk8usF6,Y7VkWzDq
9moXkg4u,KvnOAiUH,OhiR9NW4,Us2xkKPG,QgT5UKX2,0jp3acQ8
CPksjexo,IE7R2XQq,i1YE4GD6,wd2bZHk2,ka8C9Qrt,QBP1LPHm
TsvVzxoT,vgNK4uql,LNyPjvGU,ec6jmZVU,UiXKOZJi,R642Lw0j
FMYViT06,sTcZLcj0,kchdLiv2,jplTKv4T,sP3og5Lz,2IUlmfbR
pOhbrwXK,6iVEuZjf,bmebEtTs,2uABZrCu,eNmmyUWS,9G2Za4ra
1wjd8Ivq,yyTdkbLU,HToqnO6s,Qjplh3hQ,2AznzOx0,cIg2ZH18
3eqFCWNu,jb4C0D4X,l3NAjNrl,WqCMFLEd,mLss5j76,rhwYnvrj
23jAGXMd,YJMvg1uv,3WWNiUyX,MOkPN0Fd,16djjmHF,ICd7mgLz
D20reBdv,tG4C0Lb1,dw6iscba,7g7rUNIn,XyRjLa0u,2ppXm1w3
Yyz8ZUf7,8mvur43x,kaRXjzm3,geqoYzZb,l6Yzevfg,EYh2BDoA
N0sKA5Mn,oWYrbnds,MIz2M0Le,NNabTi6u,wvmzW4Ek,YxywaY4g
mZeusxQ5,4k6oMNkp,XPwUwj2q,6ilrLeFl,tLPWr7og,Yg90AkVP
Tha5hdAy,QfvXP2bZ,oDp3aS13,ofIr44HI,3Jozy0ML,lbeoNKY8
jvgwu9X3,dWpEG2HI,S7JaosDk,xRbixtib,TYp7JzYC,GAkhPbQX
LTbyQeNj,0HcsOlrK,3Y7reLjw,4rkzHBhv,EYG6lNz4,BpcERFqy
bMZfZ5St,hgJE1V82,fvj9cNn9,kV9ialvW,Co2tOhQs,CynB6hHr
OSVmhsQP,ktvhG57i,KmVV1BVj,H1UURAUT,x4UlpvdQ,69XJgE59
7DLgsQbt,TYLpEXVL,nDyQddKn,E9Sgabng,KN8Z7XPX,aMuqTQzP
quZBlKHT,37gMuuYX,CwbRKvkb,mCbRl5ZH,M28t6myp,kC0FZbL6
vDaVLUq3,4rlkeA5H,IOZpoEZ2,zlbyXrz6,5LztKyjM,2F7yTa5F
kd24AQiw,82Rp8W8i,GXT58jCt,esSmCtpV,7N7DKHlE,NbQmx7i3
87kDzrc8,xAICK3w5,bfcXfiLJ,uLcjP4Rq,gY4oZx7U,2xRebu0B
quagrJjM,tNUceXOi,7SSp0mMi,eA7XRAoW,ccQoGdy1,iT3ImkDM
4ji6d9oT,NurKw5c8,OtF0kZ6p,Iw5laiP9,3bQGc37c,ZkPuh0D4
Has1y8iZ,oPYHaoFT,pzlVyLdG,Jlhal5Af,TBZQKZuH,BV9cXSc8
rRuD1t5L,WbdrFXtj,donf2j5L,D7vAJDSZ,0UY5VHax,rd29F5jD
wkS8s2Xd,Qe1uoOa2,CYSt3NCh,lh5tg7xJ,vND7QOoJ,quDP8Dk8
ALC5KJpO,CX8qrqpZ,jM74ErpV,nwM8rq5o,fsepyKyv,Z1Pw9DFN
u6buqpue,Sq3wDxpb,iq8U3Qf5,60eOaszA,QUzEksGq,uuasFYVu
AAvAe87B,emBqD4M9,CZcYwspw,jddAAkab,zuPu7BDI,6jSG9vLy
BTdOMu3J,DZwkkVwo,WdmwZSXL,TBHQDBvX,ENb5kW34,J6lvxF9G
ekn4HyIl,i06kWzjI,2awIKBVj,W0deIW9F,22BDC96J,kgPdIoWr
B7c3s7DQ,Y4MeFPI4,Au2Z2FrI,2XuwXTtC,fu3TCdKW,IEemYCc4
T9hIaqJV,pI3wjYe1,loS8emMH,0SD4vz98,m8hCMKub,48wfThxb
QYzAoSgx,sMxkhDmL,wktqDiBM,Xkz8EASm,ytQYPblz,sNyoz2qn
YBL7ziB7,nWziu9g3,e88bJ6qY,o67Jq2ZI,upiBRJr0,E8hoNRp5
cSmK14lh,BfeNu3TL,ocqV70Cw,3QASCqdM,Whgy5SEo,AOGiwrW3
iCGCpfc4,wM0GquKy,bxShm1Iz,ODk51Lpk,irpMjSaw,4yzrHzC7
H8GI5VVa,HMyymotX,pdGhYRrw,SY9115Rr,owXyAGjF,grlLtOKY
WHqqxNjU,2b27KqsA,EtGO0z1z,opNaAI5i,66QoW59z,pellZ2w5
ksNRDfec,Tgj2Bk5S,TFOYtQ1S,9s6eJ1oR,tSWWHlbw,4RbcQBA0
AKjzQN3r,5OdvCQ27,1X3Wo5BH,hdymB1uH,c4q4srYj,vwzVG3Uo
EtfbqUc8,fynakTvy,wobg7cUO,bPe2j2XC,yvzUwNuH,CjhrgIu3
CcN5OsGM,ZXssP6HN,Ky2Cvg6M,jooAW6Kq,2gphlwgW,by7bjtAh
ueloIvEU,bkcUb1Ge,j3JyuaD8,pIAiwSPU,8QEyKbtG,zY7vSIKb
o7UoeKxq,utQn1F1q,WJWhfWuo,DJ7wKRen,YVYnQO6L,gleOpx8C
FzPp5Tez,VW7oNIUG,xf2CwOlx,F683QQBj,gt2EWaaa,9048Nje6
03yDeA84,9TEoE5qo,4dY1GlzB,Si8oKd80,of9QXb8I,UsANHeSW
ProZf0o4,sXms8SWt,YnuMJEK6,NUOdVl3s,kJt7GeuX,ByXKyPYr
tZjWZPRe,Nnjoolz3,bi9obqUE,Zk2Zs023,SRSr43Am,czLvulfZ
wucffGdE,kPLDClKr,fdjSPdtC,3gf9BoYE,eF5stCMp,feeMiFNn
VtY1SvKh,Fzx0InmH,7vmUVTnX,3De1Wwmn,hTSqsMeX,brk8dZNP
i0Rcc1qH,K6xRxqMc,6VQCwXg9,2GIEsr1N,Z5ZPAikG,wGNaRfHd
g5TgUa1h,A6SeZPGa,iGwTfVoz,tLIYFMdF,hU9b9dnG,tTBbhg1B
5OWSkQiM,mAU0sog4,N5lXHM1h,o7odjaJX,aJOk3Nv8,wrxK2nRh
TikIA232,Pz576PXY,kPc9d3MO,pZSSe0qt,Mae8DmbG,hISuGFC2
o7RGpmEW,2mkD5yzJ,ArUKt5p1,Qym2f7by,XR7xzsYY,lO6hfLys
aPjbr81W,PaZCbyW7,YjGjVaTJ,DaOSLeei,9krjBXZk,lLAiMdSa
77R7UaY6,cWy0cahY,KqbiIu3X,qpz0zf0R,pYe6Ij85,23cdvTxb
fehTJ5aw,Uvo1LPnU,vhGzuNVl,NVAH9gYG,qgSvGEej,cgDEUug6
dc3ygFUl,7mDnc3G7,luEYroTm,fqMu5Kzw,EaU9Xh0o,mYyjGjRB
p8rNRBU0,2ZCuS4MA,ik7OIsjf,Vq5zWmpI,LFtdD4r5,aFMxkxPg
T2bhjG23,VZJGjPnZ,02htauhb,THC2ta6F,ElApLRlP,DGKex8OK
FEjabG8V,K5kYVTL7,LUdECb1q,60ENDf89,CquyU9OA,5TRhkMFX
bFd0V5HG,aTUW4OgQ,MtmC2YQt,a1PZY7WW,UCiek6GN,Els1pDvQ
RClZx517,fUNIgFVi,X7rqw7QF,BKLqOg9Y,IAih5D5N,9hGyd7u8
bqEQ0bUq,Zxwu7M1y,rGc3aQu8,h1oIW4kK,pYOdyE6Y,DKCqpMcu
fcxdv0ci,JGtFFlG1,oSMHNjEX,BR3ZeNgz,otjucVFF,9MsOqZIr
a6NMKduy,RWkTyAHl,IvbThlI4,2mcIn4Vz,SWdQq72g,AdcBY3pc
HbWyU5SZ,IyXN9b5y,objJbLTf,SdlRFLR3,T6XoO5vw,CJPbBmTk
mnnMhnNI,WAtWBk7o,5qjznW05,lWSnGSxh,8SXJ8k8S,ou3nJJTB
Xpz4w0m3,8u24mYfP,YGANsPoG,TOo9qSat,7x4C468l,uatYOOBj
ylfRWHVG,DA8qygWi,eUj6nK4T,00vqYhiW,XlSwcYAn,P84OARQ6
TRwcRmh8,g31gjTtq,t5ZHo1pO,yQGraEJE,nfJ45uQB,LOWQkUM4
xVLOHiKX,NVfiiysf,mH8StSkT,ClY4d9lg,eize8pE0,izQVnPuL
lWLyr4y9,BxKyf5WD,lCkVviC4,tcASy7W4,D1ZKj6fW,G1zBvnhQ
4n5dF2jD,h40szXjh,vdAC7ntc,lJIZDnSW,WhiW6xaY,gJzoy3RH
OM3nnwD5,D0lu3Ir9,4pqQOPYf,m4ML0I6x,qbpmVftf,VeTOUqSB
fUtH7xBF,mILdR9uX,KaItAuuz,Hl9OziUk,nqZykSP7,1WqHI4cN
3k3gygDt,JSy2nFH8,uY2fzWxL,VRWvsPxY,JBJfoKGy,CKt2AUCe
AiTG2440,1Mzb1Lir,9c4FhH7H,Hv7nVNRh,8w2Poea4,Ejh2Gtlm
F3GSiqaI,ixps0SUE,3zr3goX4,4wPDU1wm,ubgoajE7,LbMAdhEF
EUHu7gim,NdxVvN7T,D2ioq5gs,EZvlyKUH,lIF3Re02,9M5IEGBZ
m31Kzhme,LDYX3nyg,roc8auZc,H79x6KKB,IF8JKJpe,DmzKRRdJ
On9MtZ9L,wj2Qurfm,86EQeLqI,N5GgQCMY,MdVhDXFx,NKfvtk5N
INLFiLP0,WnMkredR,xFavMRDx,nEvh2OZG,zXGvr8LH,TPwEdR6v
eA0AFKMd,tLEGvxzp,lJ1PEA3D,XRe0aGF0,aEDNync2,6QZrnDfB
qCgp8HNm,RvypZMkO,K7BX8uwB,jFEeDDkI,NLWhPYD5,FWNyy2Qw
O2JWYiuR,nnxv7FXo,17AfW4KV,QJ3pbH5p,SOJFVkac,5cE6YTbZ
I26s32jq,k652fXB5,l3EMQcPo,1nUUqUrl,TlwnzYTm,9fPMQK5e
jG2ZTyI0,eo4847HS,bZCJCg82,ZGqNoZ7f,ERIE6FK0,KjexUHOg
SECAjmcv,DOnhUEMH,6E40rvp3,Q6DHzJQw,bFxxDyFt,gVVlesdO
Opghdy9o,ViiQKYdr,Z8oCqMJu,5tN2udIc,bkQEjeMd,Si2rby8l
Kw9WoCGu,YWylUlOQ,JFkiutuR,glcMQp5C,rM6pGN55,PcB1VNPu
XEj26UFV,ah62ZIE6,v69Rm6Wx,7W2RF0oi,L7ZpYY1h,9xwpAD6R
yhYFIKAW,yeLZ19la,vFgA2qAS,22K55rZ5,7oUqsKmo,5zEYzMf3
ycfsN9MT,hJPnvoRm,aCUc6Awv,hr04WCJp,iUsMiOje,Z0fQwKuR
3lL7L5SR,sa4P6nMf,eahohtrj,Uay7ZTT5,yCRTkuD1,LOb6WOmH
jqn3KjAX,QOihe6nr,isExI2VG,61kiR1CV,ffczPEw8,fbnlB28x
xKmoo7LQ,GhBLNtir,sFfIMOGW,0L5FJk04,s7vPxZ5b,lEGeMMfQ
CyTJgTKT,xwan7SCc,xIo4j2Y1,acL9cKJ2,0VhYzFkT,xLxNluZp
uwQCej7n,H79VgltW,eHprdnAL,9ZwHjboi,YX1KCogZ,8v1Vw5fJ
nQEa7Mag,9LQKq40U,3PoziLKv,xrYwmXrX,5VsWEcH8,Ao9dHvKB
5vMPOY4e,v6RonFqp,UdZaLIi8,AljUfyWF,kTdU7Ulk,yg1SIWhj
Rm3bquAB,ncFeT6M3,qHWT0gSY,yHCTBNNL,kuUJxIPO,rBENwTWG
TbZc26DU,iSV0JytG,crN49dEi,fKIO1K1i,obB7LZGA,UuaAoCMm
ItOi2kwU,RUrTDoNr,spui8F2q,XSmoPTEz,xu3Y5lA9,XO8vI6Et
SJXHdozM,IGEUoS5W,ZAcySL3x,QxymZwAR,CBQYEqlL,ca1EBfHm
gkee8FS8,a2iHgn3b,rKEkAPqh,yCps13jU,BjZJOkyf,xBARLqZx
HDJ9rxqL,xu1LIKet,s0YHYyFf,ZOqyt2mo,nCLEMC6Z,OPxl6cCT
sfVV9Umr,pvW9ep4F,QzPEGDpr,IJPmeCRN,zl8GUzFI,2I3ZnrgI
VB65nagf,DW57S6ia,a4Y2tzoK,OVtkVA4K,0qnixIXT,6qtSzwZd
ZwMLbw3T,uhBrPePi,Og8npVMo,tsb5WuV0,7ijY6dUy,Y4HFhut7
yckdxuhj,8iCW7KQt,79PlZqyI,GcEGTQO8,NushWXyb,aMO5iLqU
Nx2v2Fnb,i8EEAUmw,mw7UTkH9,xS4CDsCG,blHcw2oT,M5nJRiJr
MLxm8TP0,jtvIRaYW,gFdCIMlz,RcMEdbLu,dL2tb4vc,EL6cZIRD
fUpRo09v,lfx7SXRR,zLqocMLH,9i6BKdbv,XAfCXK8n,oxrhSpe3
T1Rt9nKi,Mjyhz0SZ,CHIv715Y,TFlhBvlB,IBiA6Wlv,SjdEX2kB
wfkDiD6N,xmLKEZZk,Cp8CS1c0,Np2BUgWE,D6NQNUZ9,dCxKuz3u
bdJgrspg,0cesTxO3,Mt600UgN,TMjmzE9q,pxsLAju5,CkZVqAqz
FbLFuQXc,F31t28Eu,maUigZao,yQYH8iHT,SYHTSD7z,VCAQhUVj
LjvDcSN5,927zqr6N,GT77ikSH,tqa3layR,4rJAN5AJ,0kAAWazv
nxzHTA22,yoAV9vy3,vISkeqWY,8MZJsFJ3,EVrNfHvY,huDD7FS9
jjMvb76t,vI1NAjPR,alyLdCwU,Fawu2ejR,uYPGQOob,WLChlLPD
KOXaY5Xp,bITh92sB,vToxJMbn,toESluXR,VF5fGvbS,8e8tRUUf
NXLlvq3o,Cv1I7KpF,cXx9Py2q,xipt7f73,WHT3PTkz,1H3eTN7a
Xk8zduDK,dmUNvbfm,bVvjAMpI,5c7wxj9k,sUw2f6bh,hhcnWYFQ
FTIxMDtj,lSoQTW57,9UjLfOVM,VF56IgrR,RIeED0Mf,WT0ZiIvA
VfJyjqXi,C4kr2pqY,IZZ3bRsi,nq4Yc3Zi,Da1sjoU3,b1dZmixr
QfavNrIw,oUcwwJVo,z3Pz2YZX,Lgo0558T,BiSXnAuH,c77vy7ax
3SfMSNax,u79osS67,nKlG6vtk,T06LNqmR,YDXDySgt,MSNcHDdI
tgst4vGd,vIZr65KT,eUv5avqI,wOBnz4n5,bJQhwKBq,99B7IU5R
0Z8bAxSG,pTqXXTVa,Ea2WOqEZ,lWM8PvcF,9Hurg1Di,1aGFHfvt
NlxufI5L,O1KGv7CB,oREbJt7o,IUj2KbZB,XNRhbHBb,PK5JF2n3
Ha7Z8HZ3,7EeGczK3,rMtJMu6K,WNfJizmI,aAj1sraI,WgxCBhbF
8k54MiVl,207PrFYr,ovK2zFau,H2E3wdYU,a2TzTsCn,mBXzDjte
IUa91GGQ,mxFOeyVj,PQGdl3dS,xlZ30Ptz,oh2VBuvg,H5MRs2iS
4fWDJXC2,UTAZ48Jk,omrhAsPQ,TjaxuAA9,MJkWFMN2,dGA8aYi0
Sehznwnv,KzjWpIB5,h2q7mb6Y,4zYGTYF1,U0f8hTOc,I7BNXSls
6zysM5Aa,0GjdYd9F,d4YaSUij,L57ahil6,HVrCZYVv,AeneiJut
YDkOmnqF,VWFei9As,zGebeW5P,mVmFeOJu,N5tdUNyb,UCZ7a7tP
TiZPqLdp,kBq7sCiZ,iYixneHf,lEuFOkFP,TtJO13I5,Lg9DJ7Xi
k4W820HN,nkm6DAzV,5EfiFskb,yNVLncDE,h42o4BuE,moV6RTeO
pzj6tSRl,c6YBhYpZ,jSRcuelE,ia71tFJF,VfwAynlz,5PEtW4D6
LH99DSwN,n8SzWAQR,MWA3AIpX,C4U40xlJ,ZNBcGXCF,OUYQVfLy
TR20qMWj,4BDqFcKq,qSNGcm2B,Dhn1H0Yp,G6dSMpQF,eShdxM0Q
ZHvuSPwV,WCRc8hb7,ljopMchZ,oKD2Qkon,11JkSsXu,swaDfX6v
6iDnQHNQ,cMFDYdYK,LMj4tSMQ,PSIbBxyX,NPLopn2U,MXTBI7An
k46Vmef3,NQgbM2YQ,NEPLhFl8,6bd7Yhrh,uEWaOlyM,IaqmSYju
e3cAoBsr,8ldbdLFH,EkejcSZG,Wa8wKXLw,hZXNR1Lm,9ONLMyuB
0SCBjvNp,vERZxWU1,NfjULQWO,nyfMcyIb,H05kvpMR,D8zXT785
9ChUd3rm,aLwkgc1t,UsFzFVWY,cdJtxJbe,kyuYWTkl,f6mUhJX5
B7gUAqOc,ZUgwCDf8,4cD7laW8,ezRUgOPk,E93HCfFC,vI6CuPs8
xCbXMNty,Mm2YBIt9,PIkWoLk8,MC2bmKyp,GurlZIRT,QTeefNf3
5suvDSgO,N9CuNYFi,yfC4LAGm,Fz0BCOSg,ErqVn62N,lg3naP02
Qn4HSQeN,Tv32gu7s,o2WF8BN6,MXcLXzmR,znJVCEP8,OHv7luhi
ijIxDUKL,IOQe7Mm5,iGuyWNXb,CPAHH0e3,VGOoTcWQ,LsUQ0XPI
Y1h7lxtk,4CGuuaqU,ggFJcQBu,vRSSpjbu,njnx5PIW,r2yt0OEq
DOJYDoit,jEptZzqs,RDno8gZW,5JgUlYj4,lYblLFXH,xOzbJKnw
eLzKsCiL,LYRW3IO3,miRdphf9,OV39M5CN,GUIm6f3C,lHbJzRB8
8hPf4X8z,sKayBcuv,uJGAONZa,EVLR1bJZ,SFr2ssY5,DeAzXySc
iexnanJ7,aq92MoIW,Lfqw0p8p,lB9U74fp,52hb4Vbe,wTUIfgBb
WrASBB8w,MHQfRGUz,Ec4zYe6Q,a50tThtL,ofKph60b,XG0a9F3E
8G8I4FPU,Yrh1Tvgh,SDYyK9PR,vWEpMTxQ,UXP0Ku59,EpWEMIcY
aboyU3Lx,U4z1YBWW,PyMflGjQ,PmKRSFi8,rFvRaOIS,BjHqn0Lq
Joeo0cKu,NgcToyBa,ondZqkAS,8VRdtICq,uM2OXhtw,6XcVDctE
XHoh0Ee2,BBEWy9Zr,h2Ikdeom,VI19U3vi,2J55Uvjh,wYghQZyJ
caEBD7kZ,tlxbvlgG,MmCGIxEN,xRCfpUev,ARaXWRMZ,EO0ryDnr
44GJZTnR,95KF1FOV,2LNZIRd4,cwVnoapG,FVYmv131,EgeGcfJo
0WarqvBW,6oSftmSe,ywx08e9K,QVlL9B3r,VSgokbPy,xhCFmMs1
WWzwfCco,8ulc0t8g,9N8hU7ec,mKcq5etv,XB9sVYVC,g0eNuH82
qg19r3N9,1URFE3se,wMPGgxcO,0xYadQlD,DyHWdztb,llDvfcAq
YtlxELm1,xdAId6iM,tk3aGPTL,aRww4EBm,YRqKUcIb,Kh10Wuyw
z8qKwHMI,OBOtLcOc,jx6fc7Ay,J9Ff6a8n,yA4ayY6l,ASA7g3XL
i0xH9zUC,XGmWxTrD,4h0jgl0P,4o3onIrr,t2xxSIRv,R9GsEvb8
TrYR1XIk,n47ESoGJ,jMh3hF6o,cGWJ0ORi,VnNZUoE2,yfhFdcrI
f0YyHzIP,Cj326YkJ,j4mLFKnQ,fdJ47kEq,yJQrmhxH,i0O0POqp
oXliEnjO,2Ziu43Jx,OhaxY3Hq,WGDaXi6U,Gvzif2hO,7ZLJI1yL
gQwDNc98,2Gr4vDkJ,6yPdHSUN,XF5PS1pu,cR24Qosc,S8UqmN9A
OKQqamV8,PF6HzlYP,WN3GpHUS,y9e4xh3H,oW288R8x,q1jMvAab
qeXQSJgC,y3b74tQz,b97xzLQK,EFwNZaF3,63nnnmpb,O0qExFPv
YTMzKeil,Yn3MVEfa,fgVCmktx,3hb4Xok0,IHsqkVsi,oEdAMdGI
qeKdiXyT,nhbFTRIe,cqzucAo5,n4Y4jwoB,leUAg5WZ,cIUnLyg2
mPpMbu8M,mMA85Hdq,2jMsGNP9,whLjYKYp,kfPdE72x,8w6LlOAJ
M2M5a7A8,i2hMUicl,oeR6Bq4Y,UTb4Zy4c,594JGlQh,BjeS5FAc
wSDjslct,7wzd4XHq,zu6EK5IV,Z1NngdzI,W2RGzuU0,zYEcaPNh
FOjmC5kJ,qo6NQdyU,WvJmGrG2,BtxFXDlY,3PbLRBiJ,P61EaosL
fdTyb2P3,ycOJ2LsY,IPc9puhp,XnW6AZK1,hsxoxxGD,mBlIgl9b
WUC2Wmhh,0zqSbpxx,yRyudjMF,8Tk3R7cZ,DafPnF7h,6hDPtHPU
ikWGzrvT,7cdnYqV7,m4RMDdZs,G9q9ERY9,SmnkLDyg,aRtUloLp
0olHXO5O,HyXLHxMs,37Xoa1mT,SkrZYb5C,tG0HdNiQ,YxPBU25c
E5cnO1sF,vKfKBCDF,7nfP8WjU,xgRRPoSs,O2zPkrFd,2aKsCIgK
ZUDietIQ,ZkdHrM3G,VCc4WBvD,DuxV28SX,JE5zcH6l,hjk07Tfh
Ednk6H2m,YMaT4w3K,uZ9G0ebc,YedjYnkc,02EiGrRA,fWPPADAr
XQUZ8fkF,Tjrw5frG,zudXqmBw,sXAg2WTV,GnehJ0xB,gtI7aQYZ
QJvSaug3,bsQhL942,TxLEP1bs,G34SJEhX,rGCGhknf,9ilQacOc
DSZZAndv,uSruvjDm,GDksHLsf,ihSf9ij8,lrpGFXRM,QZhzxsQB
zlchurXm,BdRY6Yxt,7SS7P7pJ,ncXcGXBb,4vCxFz93,uuyLsS2n
K9aibVhj,5LqgrCgo,OhcziaKf,dr0sA40G,JwlUUKYH,ruGmRDBb
K7WPnvin,denizpPM,jo8D1w5d,QcSbbDvC,Lvb3f9k7,GqjgVre5
RwhmDeWx,ptKipG0Q,dkLyCqOa,5Wgc8nOm,xNBXLvQu,jiahlgcy
FYWnJro4,9wPcGtJ1,EMPtQVN4,ygligqVy,DE7iRn8q,eSFki8Zs
Hm9QqRLo,cfG8rzVj,QdzDamH5,zMMU5TLV,lt9QoZuw,axWMYTjm
5Gd0s4yV,j2asr1eZ,n7xmMrkx,WyChcgRL,Ool7fzQi,hFR2cNmq
bIEoGF6T,y3uLcgBe,dwO8ae44,aiGUFYPU,Q5O8AyXe,1H5AJ2QE
tQFR5WkV,hECLYOAT,W3ANOLIO,Jo0lVocJ,dFOKj7AU,44YRIxGq
vHUgTYXy,5X6Y9EKD,otjhC3eO,pn7XhuuS,Yvy9nL1H,GTwGlkPK
JkgZ7qwo,diYD6GnZ,7UHoT76a,joLuL4sZ,sQCcrWVM,2IQSknfM
T7c2e92Z,l2HJifFg,LYL9ubE6,DcBUJ0Ar,NRqXLfPc,RIXqAGKn
SkqD2g2e,3KTLfLZg,5MfUI8X1,XuKnzU1O,Eq10MHza,0k51euet
m9HHE88T,QfLVOWe6,IgAamtTV,7ScENuHD,qmJEs43e,2SKHNb8q
4RmyPOU1,rWpEYSGi,fFjbrbBW,HixQMn60,vOnXwgOd,LjRXHjQS
vipm7t6b,LRul1pQC,63D4jwaU,2Rw0Zk5T,o2qFLEjF,3cdhj8H1
G1x6bwGn,AmYEHUPl,dFiuKefT,y0bf9Za0,pKPDO0W9,BokA3KRq
5U5Be5DN,968DmPLc,5uhOPGed,fnwMXcow,8zOiWNY7,y8Yrii6C
NE08uB4G,YS84duKR,OIGD2ih0,Uw2cKGJW,aZmmjLVn,JytBSyHP
HnmuYEKN,CqArlndv,7xkiICML,NLn69GtD,jsa0pbdm,oJdg24tg
XV5mc4Ur,xT1u2aaJ,hgjOPNRL,RZ45DH7m,MCQqIS8y,9wwNZUsR
nsKyIaYd,I2gSa7ho,BV5gMS55,x5ez9pf3,n0uQhHq0,48UVZ88M
ZZBbDwh6,4tJ5PUMP,U32Rxn2j,E7SKngrD,2qwbV18J,Euuyn9fy
8g0biXAC,Li7mgK4f,anIvQZFt,SWxFPObv,RA8B0koU,agvrk6fU
ukAVfiH3,TMMUtCVl,2dOCTTau,woFZFR0T,1uOVgTAR,WUTlrvJ7
ZXgK5hga,PMZehw0C,18bpiDwV,wuNKYLJD,mVQpwRs9,jXaxLSCA
UV1UZOZy,V92fs6pF,Mj3iSDho,k80EkvGH,NzVg6aL5,jvl51uxT
wlmfLcEL,rR0WMt4Y,IgsZpgdR,l891yhhq,asKfC4SD,CFH3uAOg
ZTO9fBdl,oukc38bm,XZYItbHZ,LnR5tlHY,rYYhqOnI,wzOGfjPl
6tFTFXgQ,DQWl0Xkp,0JPAouMu,5aNulMHs,k8JurA41,QpGOchCI
zNiQOo2L,rl27RGYd,niyYjBjI,la21qVpt,hjzrQr5b,H4UCXblL
AcR9ELO3,BbyVhsyn,mTyZGDXD,gDxpRAgl,Li9PoD0V,WN9rzPlK
Lfcm4OYc,0Pu9gmJj,ia1PhtNr,79DOa1SC,8RH7R8k7,vSqaH7cU
UFbILtBb,I2gg1V94,HiMp7XNm,idbTF3O9,xu1KtySx,XXdLcpKv
esNR47i5,bHoQGMJ3,1nDCA8s1,FpJNJ8Bk,PvBTwL11,cVcWpgHh
MAcXEVHH,acKbxPwA,eGgLLBU5,BYr0UlhA,q7YYX8Um,PGwmGEv1
4JAx16Wl,ORqdy5fY,kssh9P9s,ezCX0NOB,14iAscbb,oiokpMOr
hsWyoZhM,lBH6D4fU,nnJSc8Ct,toHC5C0H,Y1mYMhY7,HQKNj2ZQ
sBfCntTm,uff95DQh,10X0vFGH,a2sCQu5a,H26rUhgw,YpOVM3Uz
UL2S1Ya0,hDA7gSKr,yAA6vWT4,fsWAUjHv,kiq9U3mS,rrNVL6my
sbRCfSTa,J0aiDh6W,FP1mD19c,S3acZpad,8p8h4kmh,mBcdI94R
KHHaIuaG,6mM8szIx,z3q8GhCp,xt9VpSjF,uaTzYw8l,mJxAnklf
ynNhpPv9,bXXgXyuk,UYNUJdvv,Ptl4aWey,uMXAN6DO,tySh444u
25dDvZ5N,kXjxXzSE,zv6yyDFG,mAipsMJc,kLZzMDqs,NFg85dko
W7sfC79G,Mphsyst8,BJ4O1fmT,9VGtTdce,AoHJ03AP,UHDJdGiB
dUKvJ3yu,8Q4IYB78,PrfnkSm5,qxrHtZ6f,pmobr17n,tx0rxXfe
yTJ8nfWi,93cNh0kv,3DsmS1IU,KVYj7CAt,BhdEK2so,ZrUssXIT
ZUf00KeT,nusrwCZ0,5EaDBU6S,YudWx8N2,EBt7ZPVl,20JyWKmT
JjiatTYk,bRIR6Wbc,uuyIFW4H,hfrjaEoC,fcNLe4r2,v5r5NDed
q1Q0IIyD,03Lep7B3,HtskJB9F,xrCGYsHV,SBeqZWP3,Ht7cd7sv
EzwfjdqC,HNXerazm,16AHHT0a,KJOh1owT,CY38N8ne,XfmcEjnD
Q48VKqdt,i09ni3qm,xZ2fam2T,sjd8TghX,HQKIiJmt,n7NDfe34
RHmJx8Gc,hQz6VWRN,V3OMpczC,yPB3Oden,apk7G2p0,tkPxMgJZ
adLS94HG,QI7Tg9As,oUMzJWQp,cCMYKOJe,rZ7yGu7i,if58gZmA
KUzMj3jE,JTPIZR6K,pJnZxFwL,jzvgiin3,IN7oWBkh,mX1pkBTV
mf6k5Xyz,nuEat5XC,CMoiztAR,0OxmA6to,rHP6Y9f9,0KXdbuvc
bKCedZr5,aemMfmBE,yhXVk8sp,Iv8nsMLG,sb7h4KUc,jLNVDhwG
1SPvLLeW,A2nO6TkN,GOAAVahV,mJwljfRb,WqYatoA3,G17GadNY
J1v2s1KG,8DU8pyQ3,f2CWyZuZ,kbIZfkl4,jJtRGVHp,t7oYmY2s
OI5rqnZs,ZUXr31yj,eqQnn2dZ,a3LfN7LV,9wgKz4vP,m9VUlWTY
ALfElf45,jTZdOmgA,BHUCSxIS,dRu8kx7v,QylNukQj,UqGwtXwE
uLanWuf4,YDWK2usl,HLNBAtP3,G6yR8FPT,Nv2E9zph,bDf8hyGC
xbs50tNW,MTOsLlPD,FeWeY5Qk,sUJn9H8y,3KBEscvV,bHuh1RbL
LJFj9uXb,R8yATGhg,s7RwcQET,EYYQ0vVM,EHJFVCJE,cMPyvF5g
dpAyCR7c,jSlXNn1M,6p7Kmycs,gcjtbWQo,kyf5VD6I,yXMnqRvW
X2BX9jGa,aO3C8TSC,KqlfQ6ZT,Z5DvGNDO,jxwTNIMi,Hi3TNrnm
hh7LsARs,7XFbap31,zl6c8CqR,AEFoTubR,CPqNMqGM,Z2DAjEic
tbUUgz9g,aqmvRGM1,Jh52sK6k,CRGDuh2u,0zMWJwXf,a4dGbcJQ
3XMJq933,hhP8EVOz,zUnv48of,Au2HNzjO,jgFYJ5YA,nqcQj69m
UHKELXVp,jBCmM7vY,R2zfwcEH,BVZO2K4f,kjRWPope,wxDFEb68
18DvsXSJ,aYQSnlnk,afrPXiyx,8ZifYzSE,bmVdIEbT,1UO7mhvX
k1GzOfm9,TeocFhrf,gt7Qbqcw,3GcSBoU4,iSGDtInW,LHcT613p
Er8jUcgn,7X8TCDAp,xJk6LrRD,1j3LY2qd,b7Xsml9P,uluoumwg
eFnlEG04,tVLnh9dq,aeFRqa9o,npAJ7BVk,sQc5Umzu,1YkurDnv
kVGl60BI,ROd1kzH2,n7Ni0MYB,bn59tQOo,abEMxjrt,r1Bkgu7P
NYwWNuYN,lDoWTJWg,656U8blE,5DZAKdOB,xOhq4oT9,uiDLNZM6
9wWCaFfw,hsxPjt46,91lc1K9n,z9E17C09,UU5eJVkX,V2F0R6FP
6MnDqxTp,CXKlBAX7,7ORu4FkY,q04zTvCl,NMGxoeHj,oDc41vHp
7sk3dWYs,PVkVq4Kz,N0lZ8JR7,L0ZK2qej,Ea4n8LiP,0ljMV4Zp
oo50UCsl,8vKnE6ft,XoIYGQ7b,0ggXKMe0,tU2zoPXK,XNEsLRxw
AepaM8YB,oSxHZwJW,R2uWYUy4,CyT0KMOk,Dm7me5n3,xoVXjLfV
cr1IYyw3,ypcmH8nj,zPlUSlXK,VtXQPBE3,UHNsCM64,6lsuWolx
DM0RlE9R,sboWUPuz,oUcgqFGm,17j7lVVj,541x1dXL,wJNrl7Mo
VsbmPQqa,7m5ThVdv,cZu5jfwK,m6TcgSps,1pFO3zKK,RA0IU6hO
wB0NCXcz,evFveyL3,kBD57zIY,rJs5tme3,d22G5stB,fX0kNz6W
CZ8TUbkG,I5UOaZxJ,abriCaVq,Hjkl1sOI,Bdx2KZc2,4thdsb8c
GduhSeno,rqAfxGSs,2o0tZxeK,WuemPP9o,RvKHVSok,C79q6zoV
mR7887R9,l26DZ2CV,JEzeOJK5,skOeBhom,GC9052Q1,a8kiAwYZ
WCQjxWKv,6qLA9unS,ImzOZlE5,sm03ZXy1,3T4nnS1P,OXeMBeoG
pW2xJky4,SbLGMLMM,qXcmPvkH,JLKk3aeK,O6mWnRta,Xq3SHplQ
rrBWhTE7,wUWpukpZ,Y04PQNxJ,ZIfA0IFH,pEuLyPUz,2HU3XwCn
VvlLTVVZ,Jazv879e,rvAr4RPF,Ff8sNzEP,02UaG7YX,XvkKjKCR
K5u0ajJ1,KBEy1ABN,Ce9VYB9l,ifCcncl8,b2NyoTw7,tEmdzwcI
LOJqCgmf,frlo8TtJ,cwClf2rs,c9xaMjSL,1q4CvYQV,bsu47JEN
0wmBLc6C,ZnmS12Ya,S6XRgU6K,WKz7FPgc,jufKXOga,7LXyikpE
PXyH83eC,qk3u7P41,cAhbZGI9,ctCbKABr,280oaAXy,nkG4EEJI
OpHQ8UF9,MitsMlaQ,dFQnai41,wN88pd59,QpdNGGYh,GjzNIIyn
ObrX6X2i,SqoRSQqm,eE6fqPJx,jYzBwXdk,BlJm0CsW,n3nWAQEG
2V35vcx6,sAwq9Qoa,uGhphvz0,atreafO9,SPiJccVh,avGDHjkV
4Z5eHyfP,C8NNxTIr,tHFYy0UN,7I8dTd8w,Fx25sNL0,Lhv85nIB
wKsSdHw6,5tyY8812,3CsPEsVl,wHidKLhj,jdcy7c6u,lizFtZFl
ULSP00zP,S7sVfAtl,jJi1OYgE,5xEpXDkk,l2QOe7XQ,97D8HkIY
ZK9bbt14,4BjxLThD,1j5HGNl1,Vt4ui1oP,wYp6T45K,kdbjpbGq
RORgxwYo,8IR6qoQR,vm1JX9QU,x5J5L5Ri,U2o7hUZq,8VedBTIj
56lgCWxn,4WJdvxo5,peFjXrA8,Tw9YZgh9,YPMflZMd,DLHDH8eS
TsGl7f0M,YUQKC5hM,47RkNgb2,vWaLmNjG,uZOVVVXz,wEy4rD8N
Gw13mahs,DJfDAuCD,fh9mrTg7,neFWI0J0,tieyyQGR,QgB7xooG
fojqncwf,BbueJ1rl,cDySPK6Y,S9uBa6hD,Nj8kQUlq,KPXcvFo6
V8I9OLji,6TGprYHa,MWU49DqN,JxvjIf19,LYl9UhXp,ZeSJpJ9b
WTjuD6XY,OSJDkoCw,W00HZ8pT,9BYw8JP2,u3pGzB5p,oKvKsMQB
CRATgmk1,62eBqhme,Ne1uDegk,wrykJUe9,eCklMzgo,FOTBVhl6
U2nEeNkX,z9OCSWMG,9WTwd536,Xb5GNg8u,5WbQ9eou,JbCBWY9Z
OjThpJaf,w1xOpR8E,mqgqhjRH,LCYr0vx4,ytTphgdl,crlgT5l8
BGGf1xeO,uT79enBL,GoLgYJlA,bcIWnFC2,YFIvKQpu,0xmkhNC7
ALKjzBw1,mKguaXaO,WnHYvQVQ,4JblfFMr,5EqByAL6,cMN4d00o
HNa7BTS2,vW11ZaH1,eODYDRIc,mq66ZjL0,uBItNZPd,WZOsbLjG
LpNM12Cg,5I8siGHN,5DAmpQCr,GpxbCkzv,hEUYL1LP,VhxtV7mG
vdniMKY8,L5kTvXTL,9tzunacA,3pcBF6by,RCJ0Nxo2,v4uqMfkv
FX2I4X6H,omkQC020,n2izBnhE,4r3lJ24a,XJHrOazg,DbxDIIDR
j8eMcKTM,Q107KQvq,yx8Ncfdm,lGk85Tec,WVR9Mvzd,GoIHu8EV
7nami0Cm,Nc6fIzpc,mLwyL5Zo,R50bLtPg,YRVOLNfz,bicswhRe
4od7Gsmb,B0gTTqop,NWQXZLOp,gbmdzY7z,kN4k7ooL,Ms7bvyCE
yjgauZav,PYToPG1r,fehawImz,rhxygkTm,yu64dzp2,KbNn7PZx
U12B0NRC,gwsdyF9D,8SfN6LYN,oey2VwZP,Fs43ZcVG,0han8l3V
xsPKY68n,tKd6Ekj0,yTyUZNYz,TxhYXxjE,PDvoH1Hx,lunnD3ni
1Bqw300c,y1nzXt99,4JKt7me7,HXcOdGft,vtaq8WkJ,uJ7LXpyW
EwgRp6CV,ikQ1r7m6,aR8YLHWm,b39ucbE6,ozGHKXjH,4AQft08H
L3sIASsG,zLQch5yv,0rf69OJ4,tbg8YBln,U5vHDwUJ,Tc8jSn5o
pOByPfc3,RbvAV5A5,5UHyX6ni,b3EjqoFv,oBUgBuFl,znpenK5L
X5glp1uM,GEsmo9gg,RG1H8HOg,YLEUTY9M,TRHdfd93,o7oUCw5A
5SR5xztk,3htY4JZ3,6KjqvxGk,HdPDyb3I,rRZczTPW,rHUaa8LV
ME6hgJqc,EJtxTvwt,qaV3kCH6,tULBhqR3,41rFy6S6,If7bb2gM
LcovPCxl,MbhZ3Zoo,lvpN2v6Y,icKf4Hwh,SjraP6Tb,ClO7EaHO
sceJhXDM,xPAFBCWV,1dP249zn,yMwM4F21,f4Gp0aVw,mkI5E6q8
5VE8PsBs,lgeLju2K,911EdhVH,mHHfRllK,wWpbzcDi,GzPBZuHo
7W9LPgK4,gtkH2cuW,DJKZY73s,5GnTSDei,7ZAyI8tp,V88SDgVd
Cob5tLAD,u0eiwpeA,vwTYMBGy,3fSMxsVa,s8Iogb7W,yJ1rVdeQ
ctgRFDCQ,OV0t9cYZ,BD30KnSX,rufxnuoK,2GPVmIb2,XXxLAhbk
7fH78VBY,DAOp3REv,jwOkhwpy,HJHWoK8w,Ehu9v1b8,3WwLOoFB
y9HUmni3,c58d3j0t,1s37xHNr,wSWTn9bL,PRaj4INr,fQKMTzcS
dFJFVokU,DemZcWYY,kgHC7OgO,MjCC50Rq,Bb2hlsPY,jjo02V5r
wM1mvXTF,alkDKr2v,ai1uTkOe,Nag5OEoB,PDpNHc2W,9LTSZOmI
vmPcHH3Y,yfNUA9Ys,1m1aKUFY,hWAFHI7p,OvaGgoGz,eeqI2S4V
HDI15i4N,ukT1pImF,gnMn2p4C,W82WZ7Ev,nFtBDMUS,FWibJaS7
Jhks0rT1,Fm4gIHip,eCy2tNh2,qWwgCIgq,TscCCpP2,nv2mBG8A
1aaWSDHI,ILjMGLnZ,j84R0chV,CaGIdlSP,Rdos5al3,iDmN96xc
yZc8SLhq,4qv9ECd8,1SuL1MXD,t8ILz84H,2U0GJ494,7qLSWwzs
40K0HtxR,hihYTYF8,LEngEZ15,wW4EH5Ki,rznIZOx1,bLi5XvD7
yzWKTigm,aJmLoHI6,EOJYuLmf,54FNEsJn,T5XxwxjP,7Xnmd9gz
a7VgH4Tn,1VDYBBHt,14X9ZYzI,MNJaawzt,hBRUR0fr,MSIw1wty
1zAC0SPR,1FCtsSQ4,JTJ5JcqT,xfFx5zrH,lavZuke7,9xWql6su
uNQ57nei,j7jHkpmQ,IhX9VuXx,LPMLRwm9,RdDE5kEz,uOa3dtlZ
pAuselOP,DLUk3TB7,xOSWij5R,hR7ehQrl,Prza482V,son6Nyp5
7lNjOFYB,DXZm3TQY,Wbhrf1Wv,tuB02VkI,VY9cZjkg,QBuwDwaB
Hk5hpab3,KWs1ZGkR,BqyjB8Ix,pmfGCQib,yTpHNvcy,KOGulBQ4
keKBabF9,CkJswHGD,0YrkDhBu,OXnqCiQ5,1ghoFul2,J53fzrml
FT35cAHQ,3KRybRPU,vRPGCg6t,UYitSzwR,Ddri57Ln,cYhmm9dX
BLxLJ0Nc,xpmY4ysv,HkeVK2Z3,oSUfKxMB,a7j4m9NY,QAA8euxo
WPqxKPvf,jSMOm3pu,Zm1bnKxr,WmmLwHfS,rKNutGJ2,rJ4294jk
CMEx8nTR,86ST4M0Z,VgZXk5BH,3acGmb07,KTpLVjX3,1mmaPfK8
EENhzNcl,GHRvCEAO,r12R6C02,rpFKkDZM,dZek6WGV,C8XTJ4Ce
d9B77ETS,djXEtxWy,Pc6MRM1W,IPQ444DO,U3xweLdi,6YqtC5Nh
Kezd3BQQ,6wqKu8IX,e29cswFe,14UTaO89,FgqbWc5P,pIV7cHUF
uUeK7JpE,yk4ugPN7,vs9CR5ZP,sYu9TByg,7G0SgNNE,tXCpckUj
gh08deUh,Nkl9Fiu9,G7R66Xys,U7Vgmd0N,FiWHG77c,6rwXQ7FE
zZD38kxl,h47vHQtz,SPCDrAS0,F7CvI15T,LtUiV2Wh,QVGoQZEM
cE5X4VZQ,De2d6Ace,3FgoxSN5,APeEqKof,nm3MU9we,ToL37Umk
i6kccVAM,TQUesrQ3,GONKlrEX,hs3Pjd3M,37ahdwQE,Ai5QidS8
es7yvUy7,Fps6uHAl,x13c28mZ,3nvTVqZu,PIKzqTEZ,1APyk9YV
IeQJ90R8,ABYsSw77,QTH57Qe5,QQDjzlSY,ybesSSps,l5nTGL3y
jrhDrMMY,oDXyfmrI,pjEcf084,PT2a9Nb7,IXvg8UAP,GbVRMeNS
qmLqWQWk,xyq3dRuf,8ka62oLz,xhqEt9r7,uOSQewhW,ABwlc4c7
Gptz7HXO,XV8TU7Gx,sRDx6SH2,RE2AZ3Ig,6KykLgCF,Ks1BhbOH
V3NdNcRK,XLOmYmIo,4f85QCYt,LE4xh5Mk,IMOsFrTJ,PImZKKKy
SVbV1zi4,D9CBANli,f2KJhrlw,gZmF2iGf,zX8N42eC,OmpHuagm
T17c6AKJ,O5mntKXr,w98QOkSZ,Y7vRPzFH,OTQE7rRh,CzVojaSh
MXFhtlaf,nU7KkqyS,n91UTz1G,sq8ftVd3,rUUr5vz1,vtcP31zY
HBw6rszD,bbjvYRT0,CKTSpeeo,jyIv9dUM,8wXQKMzz,rnwqVeNj
SoxiFTrh,DUK2whhS,3gIkWTSs,ZUFav7ud,3n8fO5Ed,mgTnFbc1
tabOggnM,yklsjRHG,aqKbhxz7,Ljk6vfQ5,ltOj0Ye2,EyDntb2n
NBJPses1,xlvWIuOr,FhVme19I,O7jG7ZaU,VcHnVID1,NA0Ck9Z3
w2VqyenS,vVkH97rP,MoUvCPzg,lskeKq6p,dnj4OThu,3puapYE3
NbTbvt6n,1oKm8BLY,uCfPo4IB,OfxRTxui,GUKbHYKk,2GDgGJFO
5DgwQ2UV,CUpXSUiC,3p5mDOlM,nrKHkNeQ,nUfNkZQr,3CI54Vfz
NAAWFceF,G9hP1oGS,XhmHo0xR,4UojCzgy,MEUKSjI5,8OhXRfmm
Yq2FJ6Rd,SPhImsGO,ah6DFULk,m1clhHUl,XjnYaCKS,NhCf0OCL
Vybxc8Wv,E5ZCvw7R,LediDP9c,KYMLBAUL,jxjT50BP,E51oDNXK
wbRBLv4x,YhUpPMYQ,Zb2yWhX4,i927yabg,hulpSp0d,J1qjAKLY
kFk0ENTl,d3bpCDdK,ylwMSrIc,oZz7bo5L,zSySyRve,z7p0RNCM
mN6ZcKm4,2YhF5UTZ,FrDGP3aX,ohQqbx82,UWMpi0XC,2ymZYJ5G
OXAQwePp,j8mW92o5,7x80XST1,hcYqjAOQ,dZPNj2wd,f0Y9Hj9O
GEXifpfm,L7yQ6SMX,v0pliOkw,Ur3nGu1X,7cOlZIrA,apcxgtd2
f1Fxk5ZU,84pv4Nlq,8zOXsBCd,bF4QOggp,HY9i2QRw,5gjFBC8k
ZylX3xZ7,O3bKPJ0G,xN0TmAqG,5zJwNqgQ,N8GA9Psc,kylmXsQM
hGLU2NsR,tVdmAy6H,LNqy0kU8,5a5nGlqc,ZYQK7gPm,DFwI8JZ0
ybIQqhVQ,t1WKTwf7,ZPac0rVq,kXYnaDrj,4BGXySHj,N3s92evj
MekTJCmh,wETiBbw0,mDtV9X6x,f24g4cdo,DYZvpsy3,K03tK8Rw
v9zLDh7Q,kOAA3PvQ,yQMoYZNp,OWqT5XYk,vusuF0Y6,O8e8WLTy
rGnCCpXk,p9djdMrQ,P2LAtxXz,BTJ5Xmkc,8QKwAxTq,hpHOxDdE
tzCa09OY,93qvi5NJ,kTsVwozI,VftJYbaZ,vqLHaxgm,b7ulfGWl
OKbtjJfb,A3OT254v,UOgpXmho,bJUAd13t,j1PfYr9P,m7d9UGZZ
CaJGzRao,vMC6K6Cu,MXAZaNKG,DgEwpEeN,ulwvoFL1,6dxONC6z
FyTh8X6I,wOZejqEL,i71yga6H,1RzziVCM,TmDEAHKt,4j6tYzrM
r1zPvj3n,WJffYAAd,R2zaMFzR,lAopYPkS,KVWyxvGv,K6UznPE5
FJs29NbU,FJn4WCAj,sYGy6Fet,J1kVIIts,yacXZydL,b5QvTk3l
i0BrY5Lg,BYVxWzXA,omrVUzP2,mhqNXh2T,4drxIOFA,tFbVGvCC
TwVEGQE2,Nt2rB7Fl,E2A6CLgh,0DkSX98D,h4Zbeo3X,G7TpApfj
qs9RRJRm,dD9CMk4D,6Y4Pa3PW,1S1aJoQY,3PYHlRHo,t0MM3CQY
ofvZMmTJ,DMQQWGRV,olk89jzd,3e8WLSV3,ulq546VX,ugjghg5G
78jx4jkw,2RPHZNf5,IYCDmuQ4,HcxaGThB,9B5CQlvX,a9DCE51C
kvoy7HOZ,bMkpayhW,Ja4dgz47,xEejAfvY,GIas0gID,XVSMrsux
El5pby8G,qYyAnqSm,HATstpbB,eTisPUIw,8S35g9Xm,1XGEAwnR
rkZSWc5V,76Rt1SyP,BN07Clx8,6aKAfZlv,3nTlThjF,eCdRupng
JV5AHVkO,yDTmJ0LT,YeIYZtvO,b5YgsF2N,mRxVyV4x,01rpEfzk
JsOwRXcC,hX1maktP,mqqeWXNL,CNKKGoy9,xSvo5gZZ,dxVZwAGL
mRyyW5gS,vCj8BDGR,pXeGGpKE,m1G7fLPF,nlJw26cR,gscBCNpA
7ubUWVkj,PUvupbzM,7S36uVSs,ajuI6aHK,3dNkT5bi,8ZRNdbHQ
RNCxuMyY,l2oikMHW,wmU6QDQm,HC3PjP5e,fjKNwiEf,cMPr3qA8
PjWgd3f1,sLGfqssS,d4ZSGArK,QpkCjhhL,gcYI0iEG,eonhT8HW
DklUGHES,fLGz36EJ,xe5gcGTs,1N6jnSIA,GfVJrbUa,TIMagHNP
PKawtYhI,yBckLaUp,sln4q8f2,4NOPLSlB,ZCtuIrrn,zuKL8SbB
S45nnyYH,4EyGNY2l,ojq5q81Q,ZgbhyJlB,4Z5v7xx0,CFfDWSMT
RmL348Kd,dIDJTu2Y,y4LCh8mu,VtZtpLGn,4JVMc3vZ,ILDBl1Lp
LjHCukFe,cOY78vDT,Otihr3fY,H6DmMyg5,kRRaYcBE,AbIjuvrJ
LyGjMGZ8,auxKgBi5,ro5aVb9f,FeSYGs4V,sZoUJGkB,lT98shLW
iMk0PLqs,mHRFpHgS,E1lB12yp,0LFP5yib,d59bCEgx,g0KKmFqG
0hlPXrfQ,RZIjuBkP,xbcrHyXn,KssdiwXo,RBu3Fo6i,1DDMTi04
vOXyljQJ,fFV1JuTb,SmFCm2fC,36oL8wPb,84beoqVP,y0sHINld
Rfm7YFfl,9GbZuYju,LokpbXiw,7fPoLKnP,JU5uv94C,99xPCeBX
APpXUbLg,zQpY7bKJ,gWv2RWBj,KbnVZbmg,ahoIh8pv,Q9Y3PLBM
Hy6VLdtS,JQMscxYA,QZU2mH1j,9qZKUcMg,sktwju9q,9rx9SgMV
W4Tcz4J0,8J4qaVBz,JKN4gixP,zmuepfRM,Zwh6y3qc,bWusdPZ5
YWnD7rym,daYdXTRl,t61GJL8a,L3WaEk0i,F8SQ8dZP,eEh6ijQB
MvNblko8,Jhe9dl2c,UPKrrWH9,kVw0zmpW,CjxvTubI,UCkmIuHg
bDFdUwva,yJpqsHXu,F4uiNO9w,1VQRPlwm,LCW0ekQg,j9AedDOG
K9Kp45Wj,c6APXJLm,DPinFJQn,lFHsuBDo,0dzczYSL,loCogCMD
EsjlMRTg,ySQZkRwv,5ctCmh0C,xry2fsng,U5MFTrW8,u6uFJX3b
zzNARWMa,sI7HTCdr,HgiKgbh0,vX0GhuHk,Iy8iiNdA,Ey8BMLSv
OHR6jsEI,yJp55bAx,nifEIaS0,i13XWEIP,6lHXLEkr,7EY6cAoX
vP8hC08Q,IhJpFhRH,qFIvZbJa,JotmypSW,bvcwUA4z,ELs3VuuK
ZdbNYfH5,Oz2B6sRa,vVUufZpH,8SYlR2JS,fwerhInb,LD2ZWDta
1GqWSY1x,vh6OwJx0,vzeCPgKE,bHzv7dWT,dnv42s8Y,27mixx17
a6Sgkyo9,33ZvRm7z,m2IM3j9u,eWs8HXJW,iulmUbVX,EKBbqRji
sDDFO36N,bndqHPgb,Qo6m6I8B,aGAqWphS,AdTtNgbs,HayDR74T
U2MEHXWG,T9OOLD6m,qKnPWppf,WBUoaFno,58DGqXPP,aWLkp4hy
H3i7MlpO,y5Qx5vcr,pwqBJsrT,KzTxRKzx,mODhDCrG,tXMwSNBV
Ki95j8y0,EzPUATju,KpeAmg7O,6OweJW9B,34xH7nT2,DeKoNjgj
jax8WPqz,orCIZood,ixRE4MFS,RsuaEksm,1Sxlg42n,wRlRvo6Y
od4AJ4C0,Rr6pp1xj,t0ChtQGJ,eH2HLQtQ,imcKGeKG,R2xeRTvs
SeY8SAus,fTmrVaGT,n43LG2k6,d7yigS1g,YjEEp7x6,9km8LHUz
H2kqZHC8,C86KKWV1,xX3jv1pj,WBNABGxk,IpTLkLiV,3FQnO7Ut
zA6keheE,S6S1aibC,w13oFK5R,uUQWaHMq,2pHdDYQn,fPgUJZhZ
rHoOkJKX,PNXN3cuX,7HfqABlW,JdZhW5li,oQqrk82i,f5k7f3AV
27Avwbfs,vODcixpS,pOvQKlaX,y4nEw9CG,amyZXsI7,K9lsdxGf
9YO0jM3T,q5n59Lff,OTfZOMwP,DxpCmnzU,MPY6CYIs,RMZbhdpU
MFJABlrC,eJKCKf9v,POF468bM,qKTkMNBw,0F0BpDjP,2VSyPcyT
Hnh96kOo,i9gVbfH7,Dd6gkzHQ,Fg0xHyjX,FI3qOg5G,EGnrOelf
CTmZqW1o,neYdMEG4,apbbF2aq,1LulYci0,GRvmBB4K,TqXicQuD
vD69Z2Ch,daGsUuOO,klgN9lib,r02bEgJh,BpPF3xTt,tiHSfDDQ
RrUeHbS7,40bnXSjq,7Ri2NZGL,QU2VCGSn,VecmtITr,qsZ7PkLH
hmEqAAUa,tFvCL2eg,1VDuMIZ6,4qXEhQGM,RVHMLCpD,IAkzoMSF
ZQo6NESs,PEXLNbPi,aAL4c9IU,veybiftP,8qh1w4tE,ueMray1g
FEbUzY67,btplKOnY,G05kVYAF,yRtQFnk5,BPEh9HaU,iMg7FlTP
PnXgSzZR,japAncWh,lBN5mdl4,0xS3VM9U,rkjJ4hkp,WPMrQQNc
cud8Ruz1,tVWW5iRN,FPbWe4dJ,ROuuAevY,xv4Z0ebQ,OcrntzMy
3P1uDfLE,OZNKJvVi,kcGuVgAJ,Iq5GY8Vi,ztQGUL57,lm3nsQja
DbHeoXGd,2Va1h9Ba,xFc7ItfA,WiIbYEni,mK1amJUe,MilcKe9S
ixKMdRQh,wJUEaYA2,6S4u6M5I,qh3rdjr2,icNiQnZb,IpPtGW7y
kTVTHTg8,AthgCOPO,04ozuSWP,TZXzAWC4,BWLlCkoE,1ieDhs9U
SYsvekae,SG6oeqj6,dpeUvqPS,DkP1Br2H,psXUjpGY,v8AUrw9Z
JIxgFQ0Y,bQG75r8o,YkVOKqtv,TCDFCniI,4lRuAa38,HdcruB0U
lfDeMijm,KBgiv4pb,MnDJx9XD,zSIDkQWJ,h41Fix3h,inj3gheI
bUF3lBld,YFVjk2Da,Y4KqAIMS,H8yRuXAF,ckh6GWxr,akwYiXX6
KGIACloQ,YLlmrtcz,6OCvYkei,RT5EB27n,ciiZ0eQ8,KVdytWur
HJ51ln2K,NMeWfUC5,bcohTUv9,yQquy7Gw,KXhG3IHl,MIlueOTB
t5TkzmHK,PQgXzcvF,TMv3Zvxj,ta9ekFe2,EEqo9sMj,eFjlTW1W
i7YEd2h0,txgnRIIt,IPNZGQ34,4eZb5rZm,4EEtupDo,YwrFQcMi
xsZ4vJpi,akHbBemZ,Xg83mJom,5EwpvnCz,N24kxPvt,fu9xxEo0
VuGos5EF,UlsW2TpG,99zlvzev,zkEvwIHw,jSMSHvEy,qVyvDGDh
5HZehSOs,iXwm9sUG,7vt4voVt,iDFI6Mk1,W24NZxUH,aIT8I4s5
PAX0zkQZ,iF77VBrd,am7NZGU9,cmitejJb,RubtKEHV,KdGPPuim
k1xYny1O,KYz8shn8,muqlUgYL,8lguLeQa,r6pXMFkh,P1ADb4ia
IuO1v3aP,Dz7dAuu3,UUalVNkY,uzVu4tZj,EFLyqhWj,bgPtZv20
aQLOgRx5,IRBq5on7,viIweolb,1k6JsVFu,MxSEOWJh,gMYoQYdI
oxBxx63j,WKemiO8Y,yb99NmNV,tcQKoftK,UzjBqlLs,MuZ9eeRG
ip8kbCeY,D7atnmKv,Kq3p3WnW,M7btVaCb,buYoZNfl,5yohJQ59
Z8R8HtnL,k0bIT1dO,nQIR3SrS,mgPGSidY,XeG0IdY5,EazbUvYB
qrHpITo7,mYcRPXeu,kwo6k52z,D5aIwC2w,OlkNJyVC,KkH9EozJ
2gI6Zzxd,si99eOK8,5pPFQfdE,XDSLAi3s,ztdDpPpa,BQBrulVb
rwyvpH0l,ZGsLNg7R,pJUqHAvf,3aGkaNLv,qmTLQblp,Skh7hYF3
f5OzTDvQ,PItqcn4A,B2N8JQGO,2odFJHwT,CRGZ0OxI,4LlX46K5
joxNMeiM,827QGcrb,DsToc5SX,yEyzSSnY,o9TFAJSg,LJgk2OTp
Y5ACra5H,pa6Q6Jxz,ZH1cA3vz,iqVSj8cX,S8JllT0r,xkfZ3iTC
6AF8qQaG,mofCZ2ry,63fUohIS,WRG141M8,1MpUEfD6,pCH4EE1T
AYYeQPoc,Q0cGgU35,Ils91gG4,nAod7tZQ,tBHeop4Y,Xo4NLP4c
YRkLqnRL,LrpajT2o,YjgXBzTP,y8GzSJnW,JEeQlq0x,tqiSx3uZ
2aqY9ZWG,k5U8mqeo,QdhsWuPO,4ac5Vikp,1GaCd667,3sFyp0Cw
rhD3ud7Q,tAguhD8p,07ERRG6Y,6EBVtv3e,ia5p3td7,hnrw4CXu
tl20f29S,uWOaOA7O,DiF4f7g2,STTrjUNC,9zlLD0pU,e106K53T
Yhgwkxh1,b0mJzEIz,RsJhQp8x,Qtv6rjNK,hHWxzuPM,sxr5Njxf
iiJjgB2e,WNUlmAM8,Y1QfjCVV,JpWXwXRa,rf11Quic,NT9Wehl9
NBLL35JI,sLqzbEXT,GWbN1ogk,R7zs3sru,ylVY2Ebn,yJz6qB5R
r2jyTpzv,cwkswC99,zFmZclRY,BQP7rUPX,yC586S3X,iiJ9eTeX
lqOnrrnr,jqRF3unu,bQDoBBKS,gtPO7QMx,uMkIQcfo,otDEqEf0
nX2FGxPC,IsnAKj4J,Syh0W4Eb,31pYtaNT,yfQsd0MB,7lsR9oUs
ZFZBDqUf,mhN3GCAw,40xvzITQ,KuR634CV,ZHAnNhqR,umv9P6ka
70GpmNBY,sIMXgrJo,OkB3W1qy,fXI5WehQ,OrLkF25D,pch85SSN
UPHkU6ZB,DLFF0GXE,Fzye7OJT,vMK8xI0C,ORqFddBR,A7RgKFm6
CSw86Rih,u2ExnseM,09czI6SZ,oAvTthnY,qJQAsb0U,7Ss7OTZL
9w2pQZi4,gvrHEyX3,iiObFSJv,24yz6ULs,KC1NHJfh,bx2UyT4D
4m3r9uCI,W5VH5Dgh,FQYbbfYO,2LV5Oa1J,lGsjc8Fg,sFqCsQXg
I84MfVgB,CSerBE2h,8IaImK27,JxV8g0vi,MA6KGIQ1,tJBQqsZo
pEVMn7Tk,r11xvYW4,wKoyRg0k,7WzQ2q03,XjLCZGHh,LeOwvQmo
y4zYwRsg,a0QntzDf,UrIsWKhv,7ozgQFC6,BYH5N6jB,qUZhCsRE
vNQV3MsS,6FZ4P1yi,JqvEZxpx,3nq6vQWw,ieAhLt0N,FToIknwn
3XPKBN1M,IF2opOVP,YfrosdsY,Zf0j9IDR,E3sarYxJ,VaFYYQRo
08oVvAlc,FUaWE8PN,b39TkkD7,sUyPBiQc,ht3ZKsvU,VtzIak9D
vJl3lIii,X9MVu0jV,u2GdOznR,GqPbEDIi,lCtPKqUx,huFuMyF6
WAerdoFp,jWEFvbjy,1b1cXeI1,BAxM5Ji7,qpIce9Xf,IyVAUF7G
tcaM0ROy,fjfwRGoi,C8uvPKT7,avZv9dXE,bICJ9Iw4,zVIMOeWz
xiVADVJq,NfCBblKZ,t6xOCdKG,ByPQ0P82,HwdD92Pd,Ww7P7ClJ
jGnDKI8U,bBO5xTZm,wuM3EQZS,26UgAM61,xuVyE6T5,8y3A9yQG
qHRr1w96,UFsMhLhw,oSMlwd5O,InsVYIOf,rGWY52lw,EETIRzr3
pFCNbgYI,LLiYK48i,fSxinWQy,WRHyyyHA,h7oTlY0M,qdXKEg3u
Nwb67NwT,PAnmHFrB,wOovY8tJ,XC3ZccP0,RVIXuRfd,dvPuRDfm
PGkYLFiI,S779Da5R,2aWbUKqd,N6z6rV0D,AYWah0Y0,7XrX0mb5
hWHCb17r,4iS4ScxT,YSnME2On,IO2yc92m,RXTV63Nt,vEYmzGBE
fZgeZe65,Kng6fiTe,GqQxo7Bt,lATTvQNG,drnNAfOz,8WlSRf9Z
enJ7n97q,J4R8bPnJ,V0vc5EXE,HpnLSw82,WFrdSBHW,cG9DmKuY
w3Edqkp5,03uMoNaO,DXzHaKx6,DpoFztXE,CqDIStcU,XlGpEw24
Sper2jwi,YIwGCRur,HwJqwgZV,K3sbqqeZ,vsk4HaHX,oIETH24d
RsmYnWjR,GhKqVIZq,qebbZF4B,lNpRPBY0,2InjQMJb,IsgoFyX0
nbotpsQh,8IkbeSWR,tiFx2s3R,9QnmlMnb,RakpGPRP,pJvOyBV4
CChaaNby,xfsQoobM,7sY6zUnL,SSrkaJrA,SzrfhLb6,TdDXSwO5
JmxZI5ro,9itbvWmq,rLdJkRW7,HKPgM3w5,Y0xmhjaB,zzdq1sLk
xn8Y2x16,GUFWnmqe,UcmklRkv,CA3z2if5,DNAWsrvc,uBnLTeiy
mF1NWmXS,LQAiqrgL,PmJ8I2B4,V0rqd55O,xYbf70ra,A5DTnSDL
SfN1Hehp,sWC8JOfS,K68V5FjI,rFI68YGJ,wWQaxK5k,VGYr67f0
rCzZA2iT,MTgPsPsU,2Tc1ubQg,GA77kwRw,JY5lOBrM,sfBgRaB2
JWRogeyK,JXMtOReY,hTTysJRD,3lFBCnbl,aC6kT7Mz,dZ2r5zXA
xK4tPJb7,GmMVYaTb,D2qNQAQd,W2G8VLBa,di51V3kM,Ra9oiAcs
kd1rX4Py,GhHkSyxs,zqvDuw1m,TGG5SErq,ExqFr0lX,y7hqGp8V
FWx21AR6,0vnO9LIC,gdShhZnC,a67Dy2iT,rxcsGpeB,QpQUzsyi
mFkoUGa5,SNmurykm,6t6YOqcS,rU74sxQ9,fB7tFzFp,UwkV3t9A
EM6ru7Mc,thLk1LDe,2wAfBmUp,V5DTaBgN,62LksBfg,UAFQnXmo
icmZhKDQ,S3YaXEOO,6TXdLznh,42NijukF,ZqKV414e,OKZWvAZ1
nNiysN6y,kJggnTm0,te3k4rAD,xPMOHfwb,2jCjS3Rk,NNp0xjP8
CWvNQ6DY,FFt2BUlP,CbSk0HcJ,gKt2eWmK,K68HszPU,cNGbunXy
J0w0RY13,NakZ54Cg,iigNGJIg,eHqmB58b,K3vgGzlg,zGznzbMX
NxQxuhbe,LXxLr5te,YO43V5Xs,o5wJlq8l,fT2ZvGa7,7MjT4mOZ
xhu0vVOh,L39ww8Vj,tlIzAFKC,kcCQCbPT,lG80oTGX,Adbcun7h
QOcVm6o8,WXHXVCER,dykF6H5o,uMAsgyUK,xHxa9EjG,1GQ0ECYo
i12No7wp,2BudFqzM,QHIDkYTT,zBLWUuUD,zVZ9QDiU,e7r99qGp
43C0BDmu,6PfjUDMC,gWAe7LvC,8NSVYcA9,nKHXZYqH,3KWJOfJX
uATnrcFr,4clqFpKT,79ED8Uz2,n5O9TX8G,YCmQZu4k,RxoCliIv
QCxD8qdH,SO2vH7kQ,PrGCYK6B,rlgfUkQs,Zoys4Huz,6dUsaLX9
PlpZpm7j,xVuyLOl2,YzmvVKXs,rJNUFXfd,kXvFQr7i,IsmLIZSN
NnzWW5m6,MLFb8tCB,4PCRpZn8,sK3ghn1C,iDs6QaZV,TObYnsLn
IWPfvkFg,jWH0dKfO,92S4XBhu,HxfnLdNF,0Jdl5oyP,jNU9GZuU
qr7kOIn7,65wJcNBd,PW8WiL5F,PXeYyOoT,t4eOmtis,NKggVyxj
FLkk0jze,rFhEetqR,8Dr0tYnr,cYGx4yOz,mMOKrrZM,KAoSig2B
ryoHxL8N,lgA5MpXa,nzuC00d9,4L7Tyw0t,mCJfZT5B,b2iBeO3v
ATTMkWTH,d5YJyFBF,d6s2Yzz1,1IztKvJ2,K3PqUlWW,pddv4NyU
lFcNMc8F,BYm2AfE7,tAeJUB9h,VEVqVara,SDGiP8gw,PxliqSXq
HRpAiCTY,WffH6Vs6,KDaOO4Zh,5lzheJWl,WigCPHJF,OkUStWn6
V9jNz7rW,a0bzpL2p,AjdHi3IH,JyKOYWyA,dimFNQoU,OFsQdL7o
I2VrVtxK,Axfv0rMo,49exwSYW,RiIi6Fz6,yN4wkSe9,wF8NFuJa
VHNBkFvY,npuMJ1xr,Jl2ls9bh,BeOAmqUv,12iF93PU,4vVUO98d
LBwc7aOx,ZgTjU3va,fIQL9y0x,CminGOM0,irXR8cL9,yGospmqj
qkKhQ9M1,lDGUPQH5,LpDzftcC,hGm5nO1m,sGZsJiGA,CmMvhvdK
aoE44bk9,61ri7LKu,OAMlxJbA,xc1zcduG,ofogTxfO,BmXd7DmQ
xxAvZ5Hr,Y6GNerkb,Br7V3IR9,MUDuRjII,CHWEauMe,KSL7VIYU
qUdgJlA0,dJ3BVW01,yMlgYJil,tYjCQNue,vdZuC6DI,zw4DITj9
i3ywCyDO,r72qfDpR,HRdmEj8c,6S6ewNOm,RSWPVKRy,L563GyhV
cFxddcAI,d22oHWKr,pXpphWlW,N3sRI9Wg,6ExSNjSb,rJUasM6a
1aZOHKlq,yYAZeqQD,xoDA3kO4,y4WsTy7v,0a3E58pA,M93OPHXq
rsgnq48B,rnSrNLRx,CSaVmd9F,GJ83iaet,b5jYMop6,ByGFP5d2
dJyK8YKb,QsO7mNw1,D18ZgGc5,uQLYIBIP,ZUkbKzxT,UMXUwiQE
m5PD0jlm,BrwysZ1o,VTLXHh7V,vBpnAEND,uvVbgBhL,R3AQiogQ
O4Vl4wiZ,KMLw3wB6,59NMkSlE,Tl9diFQb,xzH77QR8,5LK0xBlw
hBmMs80G,ET6eQ5Y4,65HtTciA,7a6r9wwy,xCWPeOCQ,gg8dBMrH
jEmINHYA,zV1LuWlS,wimnN1ML,c3HX15b2,XW0ZRp0T,nyYFeaRi
uoIKXBRc,MsB5mqtr,e2hq6KgX,tQaVTHKC,vPVTECRh,cGIpRm2g
5aeCxGSU,HptPZGsA,ueMImsOF,23I0eUzA,PUnDQJnB,qSwjcbqe
LqAB7ClH,MqItXFKT,4l6gfb97,ULME6CEb,l9Dr5U3P,8UcZp599
bQZKHtFb,N2q1GcRx,Wd5D4ah8,6envVuo6,Okidg6Ud,a9vi5bi1
80FroLf4,ZjtXet4Y,OCskCxA1,MWeGuSpq,YColKvPJ,QI9I5kvT
fDyMXEPw,mR3GkCOX,4qCOjJK8,i6FWdPFo,mjjACiEB,4i9NuYd2
dpryCzH4,EUoIdxOA,VkHIdKif,EooD79wS,hHmyu1Xb,K2l9820H
FSqpbKOV,ytNttVqE,jEI76nBN,Cfh5jMwj,rPJnu7LW,ppmteQpI
0GOYh7gc,Pe62i8BK,hnc5Iuon,Z5mrTNgw,dSQWVkmW,gz1gPqH5
jz0EsmCZ,KmiwvaZE,Kqc7gqzW,6Y2asgw1,vPeiQs7o,tHT0ysTm
fZz5tj9k,a754OYhi,L8HNuFjF,BWmpDub7,FGaE37hj,gXe636at
O2mVdz02,76rnIHJS,n7fFYoJB,zg0j06VI,NQ3tTJWy,lBKKzqkd
jkUHlgF3,U60MFlOX,tnsGcZcP,yh3Uljkg,7hZbE1KW,XmdmxvUa
CytSCYmt,jurmprts,7i5bid9g,LC1XxJan,GygHkwY4,qcLF5I27
coV0hU7k,qDvpxeAr,xkhSCTUt,wKKdd3rM,3TwpisfF,Y74cxtFl
KYqYw0jR,p7eGEqpL,kdneZZVg,bE63tyVX,MaVxd5vy,ulbhwdV7
9DmBE8CM,IYfknJEY,jhYK6vTp,LVenBRSY,UsLxZrnZ,hqRn6I56
ssKp3qWr,GAS3LxdM,gt9WFFoJ,FUpr1Wga,BMewEmaS,ZuGoAxfl
19YoKEe2,pQWIe2oN,W0kQ1o8y,O6gf9dx0,iUJKphju,pGWTVuyF
Jo23sXIA,1cNNgFwi,qmJD316N,v7hZRDjF,NAUvtSQc,MBIG4ljI
3a62mypc,QJqek4A5,HqdzGZJ2,FrrcixID,SYg5jPIR,LNj4MrfT
dEoUhIOy,XsKGzXca,gCt2emu4,WPhKaiCX,2bu2CDXu,jdJMoQ5V
SZH1yWJL,UJWChyxa,W6W4gRWN,YJi976O5,iwQ45LWB,GT1yrOcs
o4e2DJuU,UthIBy7k,jj2K7X2x,gqErENv5,h4TJJspy,avmmTjyD
sUfpRdis,mmbcpFvY,SO31MBIl,sMnhpnjC,5k2VQAUm,RmELFHaB
5LnZZWuy,L94crs74,edEsc0RY,T2i1KQLL,44ddXwOc,2F1Bgu4s
y1IR28Vy,CxaGGN6o,3vesy59i,RK8onM9v,lCrJGTaw,8jB3r3Bk
UqXoM4yV,v3FDCgvu,naTz6nDe,rVlJd31D,qIcCGsnj,A9OqKsQI
DZuUsVpF,PBnSMCrq,gspcJ6EA,XJdZAAby,ftALxgDw,f1ZitmeP
uHDTssT1,Io7hR0cO,lpXaeQ6z,OGGBJJUb,w6fu5VEc,d0hg2zK1
MXkPluOX,DulMICYd,85NfFGGg,b8TR6bqf,ze6HuOYa,hndMQaQQ
biEcM8rd,dzOXeV6z,q5kgV2fs,mNGdPWuF,tHFAOs78,VlIMDGSM
zPSvamCY,PHqDo7m1,dq7fHFoO,QNxDixJG,hTFF5hIE,ymABSxxO
WMzi0SB2,ElfqiZLP,YnNAHJxx,lbuY8nRs,wpFJ6BI3,J17l3uom
VHzjar6y,9lSFtUb6,QJLbaf9b,yCyM6DCO,QBRWP3pN,RdgF3phR
d67o8qDc,tktI9Uvx,4Ys93MUM,6BssjKWC,iM0PpSLt,dSFBr8LS
5GFvf510,vRr2WRJQ,KjU9Swwi,SDM9p6Ou,GwffrN6t,UWry1bn9
258mCw84,B9nUU4Ox,Ju9PJgZ6,6dfuLx8E,uWjeRlzE,eEJdtXnA
ngJHa0mn,cIjk6CK1,rrlPU2Te,mCPLUiM6,2H5rmPKG,vsLpWYq6
rGFFq4wU,7JcvPKF3,zDwAtttG,ZlmN7i4q,pHevFuKI,fcwOXSof
tX5cizyt,6C8a82G5,Cgw43lze,B4wI7jtY,lS2u5a5W,kiWfheAp
zVhAXBYc,p4dT9KKK,IWkZ5VWF,vKGRaPSL,gNWuCFdq,mXmXkYgc
CGs8UzkR,nKV25kEE,04uNXR6D,nO8Ob7L3,dVbPsetX,uVfTSuk3
xAEsXINJ,42gmP4QE,LKcK2ncH,VRJOIbUI,72VKmLFc,2TsuvUg3
wnV0Tp3y,DeTmLDq3,i0CTmcpX,Z1Uf6c6L,zlbQucBJ,ZVvAN4Kf
smbsT9pW,S4Jf1far,Acw1VNHj,iZgmLk5V,MFM1vfuX,ZSOlYW8C
IRKSLAMk,YT66ivUN,zHHH1LPF,c60wtme5,rSiIzHid,WY3pQMKs
Fpd3wynR,NLbTRAxP,blr6eDL1,VAJENEAO,ivxQIgYF,rxBPfYHA
4ziRL0RQ,JrBGF1I4,wRcQPMmL,nNfEHyTt,DyYfkvpU,0dvd8mc2
n7sMHFbY,5b8ebDxK,m1OZftnL,1rVm8i2l,KwPJyDr5,Dee8c47h
7eSX9Jua,s5u2jE9V,bhakuzJh,lfDrmlSs,PaoWKIYz,RJ3sa2zb
IRDjzWka,oNV7Bvbl,48RnoJI0,UlXAfCAY,uSN7PDqu,weTAXrmV
e2I0Crzs,ppb5dcY0,EmwqXrGt,TjmkorLG,nz9TYnjG,MH001OP8
OtrZMQ4e,6iH0Ou0o,oWAAX2gF,sKVM2d51,wxZGJuKW,Bhf7aqTw
epXrI63Z,8g9ociKH,LBtoBF1l,6Ad5gx3C,R70bpEoE,6g363DzU
DoIYfmo3,8gXAK1bY,4DarHov0,sTq8hxzO,em8Q6XS1,FaQ63qxS
LufMbF7V,zO2u1WEw,HxjqhKDM,p6qaVxk9,R47VrP8X,DTaEy71W
