FPYebivc,iDmrULuE,SJzmborE,wnC#dZSp,sXmpOmgN,onb6#TQd
lDKMQl4#,uBGfVp0d,NiOLwu8k,n20sxFQb,mFhtWODt,bqtVvAnJ
0zdYzn8g,l8SwtYaf,z#Aqind6,pYjKR4H#,s0WeKXPh,Joh6jCye
avigq#PW,TXZZR#Hv,4BsgAXAh,RJQyl2hE,fvBGzhay,qIRkLARn
znoHIir#,DymEm#Cu,XixjakTo,rdOEFP8#,vkSPRq6g,Blqp2j#h
jdAVjHst,#WKPfoQ6,8WoVn2FI,eUVlna#D,voXZCGOl,HpekISoj
z#lnErgz,GwUlPvQL,D#ih#XFC,hprfim2#,fsK#0Dqz,QizlwVYP
KaLG8Xcc,ZoIN#8yh,GDEi4YY2,GJlJ4blP,NoiQSs4V,yv#trmzO
cZjkdQs#,wb#SqR#l,dJhImT4s,e0o2fYTD,8sk#hnpC,v2TjZlL#
#DVbsCIC,QgZZRxrG,Qqt0xHUe,tdfkf2pD,XYYuvRwp,#L#mzo#J
PmPnfr82,toGrg8Ws,6VWpsxF4,jflaNE#C,ciGADWl6,lHaQxBYE
i#gnpWPx,##8eeuWt,ejKIHbuh,##MDc#2Y,EHNQHPt#,eMT#RbVU
KdoJkSys,bddS#pKp,##j#0q2D,zOneSJcj,G0xDwzX#,ROqaghDw
RJYRR0Gt,SMHGZoGI,WzCOi0mB,TNFbk#s#,CmmTaGP0,GLhdSXj0
GLZ0ZrDs,W0#PJgdC,SKCqbcFn,frYg8RNn,EKcly#e#,WQfxREXr
cfT#yaYX,DFkeCvkW,LjjppxTB,oY#wQOxF,DzCn#JsK,tl#m0aIP
kKLOlhEZ,WIZS#ihP,VljE#mUy,dCZjjJrj,zaWV#GkH,#jXYyrpQ
22#fp#JT,#luVD#bX,RVQKwAiX,DI#PRjVG,X8oh4dVe,pnObeisE
ceyeq#cc,lIkw#g4z,jZYXURST,UTybOx8r,sIXMvnor,XJKmkkhg
ftpaFVkv,Dj#ov#tV,klXsPy4i,8NRFt#dp,kjP#xGpw,ZyGopOgW
TFr#pC#O,MXD4Pu8W,xJ#TxX#2,04FAp6d4,Ul#MiHPa,#I0rhF2h
AXWifaeS,qkDladUP,sHZCV2Cu,pw#ELwdT,gSbV2o4p,RNpl0yt2
EwcoGpVm,J4QNsmsM,bcYia#Pg,leXcodum,Iic#aQaM,R#RUKRTX
X#NJI2Jy,xo#jK##q,oPBZLr#q,0uuwYfYH,4jkNarsl,IcAmZDo#
HmRR8UA#,cXQyuacU,McGuiZTO,mzFVcKWn,JVzPmevK,CSVoyGoo
vYhI#606,hkXAbcur,JCkPePVj,IyaWwp#E,w88I4Qpi,##OWRwew
u#nd8#8I,AUlOe#hQ,0E#L8Ts#,0BCYlOvp,ql#PKpoA,xvEuVGaY
#ugFvgHX,#4zyeQJj,OUGtwlMu,ZG#VFxim,SvXif2ZS,BOl6WDs4
8ZAQ46mA,rJYjcyLs,e##wOHK#,qP#606gH,424noZv0,CQLhvZTd
2SHOu#UD,Q0GRkIrC,Cwm6ahz#,#ZfAXMwV,Y#B#DCaP,DHKvUr#t
z#Djxjne,nE##rF#f,LQB8qCk4,WbSp0g8I,VoBAaCij,vV#BjZ##
zfqJ8BIA,j#QFNlTh,tUv#P#E2,xZkB84wG,FmGhYIZb,rxu0JBbV
zBwr0vZO,i0b8Is2P,buRlTsDG,K#ZNKg#Z,CPdN2a#Q,KOuHQ#nG
Pxet#ev0,if0MIgmo,vhr8lrQ#,DcZitxjj,XO0sQRuz,PllwPG4I
oH#leU80,gXeRNsVV,PRsfjcy8,aDUWp8PK,r8RClbqR,nVqGlmJF
lZDvcPNf,GrHVnULX,veRwZqCe,EYOD6fmH,bo4zqieC,qqDfrYG8
WHvQINVT,eKDiqZTk,8oT0nrqe,dFmltyKI,ZyiX2eO#,TGfrqEq#
jNcZYx0U,bbbztbnl,H8DGqu64,WJUZMMHr,Cqi#Fb##,A2xM0EJi
xR2auxVN,dXMBnRiZ,rCm##TX4,T2NJJHW#,yLUk2Ngd,jpiPJ#8b
kqFqg#IA,jiU6K0#H,ylph4SCC,HSAJ#r#P,Ce4rkLTb,hUYTI6TV
cWtp2iCr,hSKsCXxK,YXfQ#A6R,tKoikugq,KxVRHwdK,8xvEQrK#
LJoggBld,R#ERCSJy,fKX#qBEr,dvrRusTa,iSUkhynN,EKh#r##p
gBKWR#6K,lkPc#2Mo,kA8OalBB,bxpr#ZjV,PMhvc4gi,bsZL4uN8
6Ki0Z0KK,OUgBoYyj,RjzxNcuF,KLLuv##t,R0nwClu#,kYzSzS#U
mpvu2dDY,NOtQNJ#U,#P6DI#YP,elFGl#Wt,ZkJPT8#j,goQVkVEX
X#aNdTXP,#JvsyQuz,XF6#QLva,RMCM#S#6,#yos#qBQ,Y#VVHP2#
#JU2aeEK,0Mwfo8za,FSWj4mBe,Wa2E#IVn,iaAE4HR#,#C2VgwWk
AU2#o8Wr,alhinaNz,rU4WQaM0,VDQwyDFd,t0SQhaPn,ltYFJaay
Qfnv#mJu,ZfC2aJbd,lPA#6rm#,FvXiECYC,l6#s0#Cf,##LoaTWh
IsyyKV4i,WSWHjZAq,xRoc#DVV,LJt#GMJK,MxnkimG6,PGN#Rfii
rzSgEIEM,UaZGUZbm,wfKsaDkd,k8XBuds0,zZoiSEpj,UHfg8vRg
#fdAOpdC,Vk#m2K4#,AtSipbDb,20uzqKaP,iqmAQjiE,s#XwCkfg
0z0zAwWv,qmrU2coK,tDoYwJun,E0PmPJBc,NQday#M6,###CzDLF
QMqUeWbj,BeGfU#4J,A8fHZJAv,bNtHW8E2,kF6q0MSw,C4CSyzYF
OkcGSpKp,xpE8pmiv,##p0kHh#,PCOusgLY,mdtZKuWz,qQOcW#bI
YySJqTIe,aXeCj8Ph,M#ODcmSm,#Hu8Xssx,r#Pxl6jH,#jeuKQXK
82qGTT#E,VrGP#CQN,WTFG8fis,GdLmF#4W,#DmuljRK,N#8aVQhX
PYsIiKSi,WMC#G6jW,#CYsCmLi,F2awOXRU,MAfMnL4X,bEO6URlG
XQmb2msm,uYaaE#l4,crW#DrcV,IJKzQPqX,iRDaN#b2,b0cMQETK
Wbz#zlgI,#b#nVDwt,cNtW6c6H,RQh#0Ro#,#0g#8QpW,CkiJqIaK
IGXBFA0i,a#nV6pC4,QgUWxlY8,0lYMkmpP,TOqRQ0rC,sIEYhcT#
SRzynJOe,gG#rgQ4u,vFAwVN#m,Q#GNwT##,IQ2Ie8Bh,kHCT8nT#
QDZ6CHS#,#Q2JHwTi,08bxoDyn,dAgKMlKz,kv#aaNgC,v6bSmItN
rE6iiYcf,zisLK#Vy,SqJRIkpv,oNHYhYWN,KWJpMbKe,DkGXeHyh
Rh#2g4hX,oQ2VLj2T,#Kp8LV6o,awcseuT#,FdZWalSW,EGqed#k4
x6#AnOAq,0K2dTI##,MrCK#rcP,PrttdWtx,HSOF#rV#,ulXdhQ2g
crBT#vjx,jaOcuJFd,EWoBb6zu,zQTSE#n6,HOwRnami,pevO#6#B
AuHFhpd#,NmoBzygU,PQMCkUSU,butl#SES,sDUlBA#Z,AFQzbPN0
d0wUuEsA,BlP#q#e6,0b8IOaSN,pw#EhR#n,tecqEBEZ,#haDRQVA
g#K#vUEr,StoLTyST,XD#RLvDu,U#LEEy#N,EZwPAJZh,klRtesZk
#WMDLL#R,jS6gyGBd,2J##KHRU,MoFiTQyL,lxLSMhBY,FsB#Jl6w
TDzEdiuN,r#FlgMaa,M##PCbUj,ZlihWAWC,pgejTCmC,orH8JONY
KrNwuPui,zXKNGvs#,NREeIB#X,aGkYj8bG,jPh4nqrC,OnLkvI#w
RYgay8jp,lDFSPxdF,fo#uz4gJ,RT#JRSuW,0xFDkIl#,rvO0kLAP
XsCAAlYh,JYLjJuDD,H#ksMdBL,vRXgBBdT,#MjxPOQG,hZcv#zEv
0W6Cu#xc,jrtiOnsT,#CsHyziX,zOFOlGkF,V8fsaLYJ,CkpqPCBQ
#fsIAiEz,kxpFAbjM,cZihmHpT,eJV2#TJR,Y4hQY2pY,XHq#lNo#
iQnLjzCU,NaqG#vnK,i4DWUfnD,ZPI##Q0Q,QW6Gl#wK,jFeby#ei
8zs#qyUo,fEWqMYax,BTnPmPTQ,f#CA#Wrp,6PG#vTS4,dNuPyFMt
#XsUhJuF,m0UsByH2,cZThJYcJ,VUKj6Y#E,oGFhwjtW,NzpvSQHS
AK0XiDQj,BVcirQno,JMl#bneH,Lvc#ZEHf,mu#OyoMf,OIOb4T#Q
Oj#tUZeA,XpnRO#0b,FAer#jRr,fmuH4afE,Gv6Jq2S#,YWCmUUmL
QJJbxmQi,NTdeGqfu,vadOGbUF,BpLq6rx#,zdpoJ#Ed,#FwKjcG#
MnWE0jW8,6ZTm6oHI,tZR2XqAh,#T#nyAl2,k###4iES,h6K#H4zx
wZnVuktv,T2KeHY#m,#y#MeDaI,QHeYaJVJ,atAn#qqN,yQG6Oh4F
SYyFIXcr,SW2#xbN8,d0bejOON,8zZX#XVU,XYDYZL#n,6DGVtMxX
htAH#XB#,aTcdiqVA,8dZ8#Qnm,EEzamPNc,NDPMq#LQ,qsUYzTPm
ErBTe#XP,BHomYhT#,2a0hKi#p,dfPQhN#Q,iM#6cphl,r##fG#r#
vtfF#nvn,THO6JBGw,4#BaNVqn,W0bUXxk#,f2ZJKfJV,BifGvAsW
uiJSgm#E,jeZpDBJ8,pZypOhoW,sopsr22Y,vpDaK#k#,nk#UBjZY
2zfRcywf,okc###ve,pkh##EPT,Dc0J6Liy,guucTH#A,#O6f8IDp
l2mkCEKF,ASDUrJHC,PbBABcXA,nouLGST#,KqvRJzLD,YPRvCxNi
eBA0OHGX,#M#OkSbD,yTaceRk8,fxTAjUF2,VDkelAPa,eBXb#4HA
FFQvPIrE,IqSyZU##,#OMkP8CR,qBgbBQkW,hL2#QuBf,vUOuJXfb
OQ6s#W4X,xzc6zoiy,OZ6XIOXC,V0pzSAMW,QFZQZKTg,PPJNirI#
PyVpjt#x,j8#Ot6zM,xIvGLV2u,#la8c#Xr,n#QVt0#H,tXFFMkn2
ah##j#Zw,#X#RT#gv,2x4HCZ2M,kUg4wzdi,ygHcMtfZ,SIxl8m#e
#jWRAzlY,ksd#VcBX,G06slG4#,zXDLHRFE,Vm4rj0vz,#pyemjgc
EFF6HJ#j,ousNZ4hI,PED#HtEe,zPM#fyjL,v4OlqFKL,o0HA#QGC
mIZjST6k,H2IiwwVw,cS#v#MVz,#H8tDesC,sdFk6cJs,AeZWzhgi
BYfqPRw8,GeDFqIZy,zK#rNWJK,ZGbyZlC#,UnqYU#z8,StBF4afk
tUmJrZRG,UCEDq#jL,CeHmYTF4,#ungMO8z,yFqavGdP,jgJ#OWOz
mYXILTIU,twZKSWPA,myYniqXq,WeVBzwaw,pP#vQNYU,YJDOFWH2
za#vP#LQ,o0o4WgkT,ITKs0FRf,dFacsw4j,Rhs20HSs,PlTQbERq
GjZXRbOT,BD#u#UFa,sZIhDf2N,VPAM2l6T,fwtgXzL#,lwrkuH#R
JwI#4uOX,TKEzz2jJ,#J#Whrb0,eCOYIIYJ,GDZBuUTU,EgTrFltB
tRFmA4tw,vGckjUj2,JhSDCjPy,BS#sGkwg,#V#mgoX8,BwpMO#0X
yfwOnuaE,aWZHJNeo,Ghp40C6d,Ojbu#2MX,2YnxQwwq,nrSTx6#h
FajjyU#8,PrPZenkD,CLbE#r2C,8yasimkt,BAGm#2wA,rXudMrwH
#2VMnQAj,v20pvys6,DgFnGfBi,#Sj8HV#h,#aM#YSWn,2K#z#4AD
DTESB#bP,k#LArmXH,Awd8bF#U,zc#Vvs#T,iwLuXWqn,OptoGr#R
46aovScx,#qsurbmY,XZfFYAwT,0zAQ#cr#,Uqjqafq2,#0#XoiSs
#qWhaFE#,xhOKPOJT,my#NbC4r,ELoiw##O,dqr4jaAt,Co4##Laj
nUwlkxR2,GrKrInA#,oNr#ZMEW,AoqyaOR#,ot2gVFn2,HyCvzJzb
z#e0Cklm,qIhv#UFs,iMPaFDaP,NK#YO6io,XWieKn#Q,#zi8Ir2E
S##pGRKI,MGaaELEq,MSzVY#Pp,DKFIzrk#,ZcO0rfD#,KsKsdUvU
vSfHPXfh,MDvIrhes,#VkLozgC,#OwSNApG,RXzIGmL6,E0Mh#vnH
j0M##mJb,e8K#Gx##,jFTehTmy,BcYvheOe,IPDZYVmd,VAlUIw#4
CEiN#wgk,nol#ztWE,upnLtUHY,pIsAmsNO,LugZXj8L,Kfon#2ks
KAgVzS6e,6Uj#hVdc,UCXwoTW#,JN6FcTld,fAaV#ZCk,4G0QDaJw
#mDWmO#A,aydOBZED,RUHozwca,Ajgvx#iI,F#qNE6A2,6#YwW0wO
cVq2vs6m,C8dQY8SX,#vlS0sEe,N#FSK#dx,IU#LF2B2,286T#Jkv
UOlsx#BQ,ZPQiskUt,W0#HLFhV,4e#TEZQl,#O#TrcaZ,DxzCrO#V
C2sW0jJc,qntL#EOi,28z2Eb4j,Zn8CCUlm,OfMT#4Ah,0htDqwK#
KWoNxluN,spYoAb0#,dTSylKiG,yq0lJ2S#,hCR2opIs,NqluPOHw
sV#wJwIS,LqCyezWh,b#tLy6A#,jBTd8dxI,suR2tvab,LWCwMzBX
UDz4OwW#,6WeOXMpN,BMVpzwpD,#zV#ZLJm,0Z#sqXJC,A8CJerRz
OE#pYyUK,XsSiq#y#,kg6CEDHC,fd4wcBiO,T#BXulVM,U#jDFAyA
mV#hL#sl,RePVSEyQ,CcFjBXHN,tVc#OiWG,NmQdseRY,JbEnpNHK
tdXo0N#b,p0bBDFwJ,KjSVUtmE,FvskZj62,#Ytn#xoL,KCIq4vW8
zHMug#Fe,M#cUJGRa,#JkrqFbX,CAhMv8#p,jqt#eEam,zKMlCUQ#
hGBxhYIn,#t28#0Xa,4fYHkzjN,TnZ#uPLp,PQRaE#m8,o#CiJFVC
VXBAfZU4,2dpX2pWH,#VTxF#gI,8AeZRTxF,##DCTNcX,IBk#LHFZ
KmnCblfI,vNWAVTkV,TAvfmrq#,oQYERS6t,NG#mZsIX,B#jHSuto
rK#DUmlm,2yowQk0r,tnjDPWSE,VXz8yHU2,#nrzUntZ,asHPXnv#
s#FxvmsZ,rNKp#m0v,fNcsWjji,hl#noNFi,FiljOrgc,CCmKwwZZ
YU#ImqSN,U#ykCF8U,yyqejKLY,MSncABfZ,PAiYqpP#,MZNJCnES
XJiMVp6J,JBrNS#l#,ypnvRC4m,viamrdER,JM#VRqMg,MaFCCC2r
gs#nrO2D,uJGrkHDn,bSeAGFds,yWhNC0ZN,JBuoFLoI,bH4rg#n6
yejQGEFW,BWITKqBp,uxTsCju4,YLQkovMc,bPpuEk#p,GDQhJIR#
PGGxnF2H,0ODgOxrE,D0muwHIl,XKLjCqp#,q#Zj0RjC,ULokAp0l
eHEwKbYZ,T2pxlSxn,xQUwkNJg,GdorEXxU,KjoQMCb#,qaKzSSR6
2bwJMBJ#,ZJFMNyMw,t28mXPrp,C#XRNk4B,kSz#pByE,WkWQHMt0
jZeKCmAe,#8Ehpbff,h0#I2Jn2,6iAq0axK,mozzeebq,BVsUtoFt
OPCRC##h,rl24beGg,fVZu02cR,8ulaLUuw,RLNoglVM,SQZtU6vv
TGbCYTdr,ENzOfhK4,Eg##fvUD,MqqROUZT,f#zTKxWp,8qkw#hAD
qSn8SmYt,wRwSY6dp,8#jr#FUd,S8DHr00M,Z##2eyKH,#I0fH6##
sOEQsOfN,sHYZkmHY,r2A#RzjT,PRUxuL#I,daoyG#Gb,FSDQt##d
VyMGakfc,WrTYs6da,kbjnDoX#,SAAQkgAl,wesUHyDL,S8#ozY#r
TPdn#Wde,pIOpdkUc,KSiFzzUh,v4vNnf0O,JhSkZRbF,lmhFveL6
oBKUdVZ2,MKoKM0be,TweYLV0O,cl2QDSS#,M2#BXZ4h,BGc#j#gh
tvegZjlp,asju#tDE,QxfyaI62,yeZc6fmW,8ubBMRlM,HcGA4WDa
ovwB0QTT,uUD0f#6O,gk8wuAKg,AUtmXC#O,e6IzUW#b,#BE8KyLo
k#02#Jd#,qDDpxAab,BCG#MaYx,m#se#Ymw,bqvDH8En,nwKun4p#
4U#Hhu22,J#LzlHiX,wySXeNfm,KDcgeuGz,XLNHhyVH,BhElf6vL
ErG#vr#r,w8#HUMcZ,FL#Dt6gu,2kFaUvMa,FI6d##Hn,V#BnUf#q
cdjSsZLw,ayuKPdQm,bGAxSfrE,Tmn#ybWN,8EG8Atkk,EvtPQq4B
P2TxfnHk,xsWq#wSc,UlcJUzIY,SAfvFrKo,rczzXDfk,gRten0Tq
kqETirrF,#XJjsfpT,nGKYTIaV,NuKPBYjC,pc#yJTlF,bEfY#Em2
ZD#a##da,dYRYGYC#,Qh2jsdYh,zDFeRvzx,e#F8zNyR,obWWBdRn
X#qfQzW0,wIWlYfWV,sDsZFKjZ,F#mNpatp,hQSqAHMR,fMke#ssk
8neaJ#ey,nB4cG86H,zBnrA2#s,#ZJay2La,ykEB#8Tp,VS0NgKBL
#aohV8Mw,xDnZ0MuW,BP0rtLRG,GKKAtkBY,AGMVx8rH,ptKQFqhR
hIH8CqIG,fLxLh6um,DpsHTH#x,AMNY64##,Pv2#KEBQ,HR#E#M0v
4Mjy6#Og,AMM4G2rT,CTqINMr0,8EAMevI#,div#cvKM,#lZdt6IS
UGb0YC0B,xQcibfFy,mMtrXC6V,QGLS#ewW,#Q2pNRtz,AVfbuwj#
Yzs0t2W#,dTl8ZW#w,#z#v8kWu,dh4WiB4M,EA4#tt#k,EaWVQKdP
PyvdrWLH,Sk#ghBVQ,ckNwzweq,Yv0FDq0g,bnwEaZAX,KOaZ8NNp
#CuyNXfA,#UUSJXqs,gvHuLNei,MUKoS4GO,fHsCM#hv,qCejuMDN
6fkSqpoY,6xvNSuDS,nWGpucJE,WTW#LS#l,gLriaOqw,t0j4U#m#
xCeopOo#,r#dEYaW2,FOlyGR6k,MFizLWlv,hp8QoYj6,fZHUapZJ
KCIhNEKu,#R2#MFyb,UXYQSVRx,IMvpOHtC,LWBBASjE,WToFHwjE
rYIXBb4V,JpwZCucg,ozGBBHrl,kR#iJpcW,Ddio00HM,4R8amYP6
#8WqmTZT,e8rT#ClT,gqMEtwS0,K#fBrm0M,gVMFeoOH,toBetBIy
gNRpLnuz,Zfc2b4oz,0nu#doAD,XF#qt8FH,FHnjABXB,oyqQQ#o6
NPo4O4bE,2xQCmNW2,tdUIJdbS,8Ky#D8ts,KEOVQ4yB,ybIRZcXw
RLfKvyNZ,##lojYFY,nJk#fM8#,cfJfLROT,v#ud4XXA,EpXBPxsE
Z#ylaTYr,##rxPoo6,BFGhweGx,Y20QZ6fq,AAlso4ns,Mbep0jdD
UMC#OhbU,iWLudEHT,iod8QY6B,yE6A#rG8,IbLxTN06,Wr#OzVH8
82U#CtV8,GrHwZmem,i6UF#OF#,c#T#IXOR,UxLsCCbp,2P6rL#rV
URbQRrve,MLY8doby,O8#LYDYO,0S4UvMFB,LtZ8#aVb,#YptRpHi
A#smwZhd,oU8N4J8v,CdsUgjwa,QSdCEbsu,uf#cU2c8,IlVpokQx
nnWkLx8f,2chDTbuu,Veeezerk,gI#kk4LE,qOUToYjT,UEPIlnkQ
xG#ZXhnE,eacN6ZEk,xKgeHr4s,qFVwBXwn,#teDfpQQ,ATUkJzVv
#P82PnYx,LrUUPb#F,vHpq4TEn,VNRw#dts,FZZ4RYoH,cGgWksf6
rzihR##d,JnIIRL#n,wRK#k#u#,lQzjLZei,Od4MHx#x,a#ecoM6#
#wagWEr#,sGW##l6P,tulnUy2d,#dDLAcJO,OjLNpINd,gE2JlXvC
ZO#b##m#,eJH60byQ,2GbAzuBQ,0#sQkAt#,f#0##2nd,mOwJRFBv
VCcKgVes,zyDVAKfe,bPgbj2Jp,6rbRtjQa,wUyzLJDX,B8gA#UzK
UbFtWgUK,8x#vUGRe,t#6D#aWn,#JOh6FeG,N#TFqxkf,KH4pZSpC
JGYkTBi0,ioFF4vzb,sb0uX2#m,bpBKzGID,Otz0Eytl,bm8ebntX
ZwvUN6VW,SC4eSnLs,pulJxo2h,atP#elvc,PHQM#PSG,v#soentT
zokSHyU#,uobll#Ix,#GF0H#Gi,trrBWB8e,sh#Dhjks,tJ#Lzkw#
pFXfBU0E,rBIeOcty,NHtQRxWH,UqHZZLjW,SaRbW4Zp,zKL#olOf
VW0OE#zY,GtmyfIIM,E8ZAFKyi,tyD8Rij#,tAiskZVd,sXxm#asr
EBu2RC00,WB8KfV#B,XW#20ce0,mJzCIhFz,rJxyH#ZP,8BjuBxU4
IrgWJv0J,Fxfr#u#n,T6CTpnAI,rUD#aHvr,VlWoF#6D,#6Q#MHXZ
dsBQVKhB,dp#jiGjT,UhK8nMga,a#oVgOv#,RQ4yLahh,#xR#QnuQ
WZMzDX#E,ySz2#qSN,pGDdOLI#,FmkpF8X#,fwnnUnsD,A6#0DJJa
fYa##k#y,0#TBh82D,#gAKW#b2,lH#lugp#,anMNPTcN,IInJl6gn
ty#dyvAt,rnmYofil,68iRb0Gs,XfjnjS0d,0q#OmT#Y,tleffBkc
#vgk#eGh,C4XcACOC,dBHUpiHa,JkvUmcrR,#RiwiT0E,hBKAVUOP
CVCncRKH,6KqdUcpG,qpbwQkG#,v8PZTatg,R4IEDvrY,Id2QF#wx
E0WjYBRZ,RLPrSq#c,nhQypy4e,mawjdg#X,ZthrjdSJ,XUoTvcSI
Z4c#dB2W,tPep#UTU,D6FN#F8f,#M4fBSRU,YiDaxsia,qvdXijc#
zzqYhKYO,UlV6gWnT,kUoPlWsb,Ti#vysp#,s88#TpEX,rYEy6##d
MAo#PILH,qdLzlhAd,s0#Hc#E#,wq26cgZd,UVrc42jh,#qRIu#xr
#XsSXGQF,HWoyNeFi,V#nWVbNO,#pkcqE4k,DsN#Sa2w,6jLPE#y#
S46WSMGS,JTSsjYz8,vcxF6UuF,F#2CHSOI,#GkoR6ZF,SUp4wwUr
D#0nUcYu,f#Nt0Rgr,8LBIZq0u,p#8kLzW4,0tJ#XN#B,bLAe#siv
uSq0QAxK,dSxsce6r,A#XjQCNG,DmypzANw,oes###O6,sATG#KRF
yb8uFlsi,jTSgKrOy,#UPFJIKF,dxVisczQ,QEZULYxO,hxj2NaTI
Kyce#EGZ,gGGluefv,CTbbyY#K,cnfevKO6,2#Tytpo#,xOVPs#Vp
er6cOhxK,JJisKRYR,hqljzsDi,hcOJ6TGy,g8yHK#wd,iBpRzMEu
m#CHpxz8,4OSPmPfn,A#al#Kmb,BEd#Uete,YLhiXPiF,WJOba0Qp
YSnwIbWu,#dNXGw24,ahbNxJhL,TbEljOSh,8I#YxRVO,6vfU4ftu
twlsd0bs,WZpIrcyI,4j#Htn4d,#JyoMhH#,AyfYv#WP,yVDoOX6y
#v#6Tmek,tc#YHb40,#NOKYDmd,RhB0eHo0,4#ZayJvN,DHpcwijE
KiPzUsUN,hDBcywMO,TfyOVxmC,DTztvBB4,2bhTH2ov,rmW6dm#N
#JERDbAn,bW#UFQFU,Qm#HAYjp,GA#eNKWN,Br8QqgTU,awM0paFk
zoOqx4ZC,iXX#yZlF,vThOnH##,bLxCc#p#,Fjj#cWfm,nzdKjRYD
jEanyBWU,20urseRE,ripedZaB,frvQ2YEw,xvO#Rnlu,aDmzElBq
#oX#EZaq,hpcaauAr,hOq#qKru,U#BOMhkp,g#OzpJpy,fAwU#zLF
Y#KIFw#8,w#eGXjAR,sAO#qkUB,AQezioV6,zPS#vWRA,eXMjEZhJ
vCfeVsbb,M6aLD#dr,mSh#MqW#,V#MClcrf,NzNYfVky,A#z6ibgB
Ni#q2d24,iKOG6eyq,UXlcPv8C,X#zPnJ0U,XkZIXStK,xJZpL4Sg
0sTDXotI,pUpvFgJZ,QsCIMBjF,DRLRJ##L,lYJ#Ystw,A#mhjTmD
CvgNdP4F,N#GV4vp2,4EVAKNXL,tn6rJYp4,ndSS#tgn,thOsc#yw
XFo#LeaE,Cdj#UfuU,B#XB0DWe,0#rh8AXI,lEXbIwBZ,i#rWRkDT
PtxT2BRX,yOVaQE#4,vF62JWB0,#FhcjMOS,kECKnrGh,yTJkOs#q
CQleMD#M,TceVSNCP,WXWONez8,cEcuDwVu,cdtK8#ZD,SHjgwGdu
QSNVczBB,QzNQjrPc,8M##gtcx,pH#z8njb,MyCFqlWA,uLfjOzxY
T0DYxz2x,4hd#b4HN,6#ESKfvF,OscAY6#M,pOaDpqrT,b#dX#isf
dnaWb8Tl,#WWU4LmP,vXbJ4yk2,XuP#0zhl,swzDE2u#,iFvHy4dW
hQ#ZMwHt,Bxu##UMF,P6mvlFw0,poI8#MVl,dXWAVQ0d,#brcBiXx
#HN#h#P#,l#8IgdiE,4f#siD4g,Drz#xdL#,g8fyI2OW,Kd4AUUqV
GlZJhnD#,gbfUvmsV,xIH##yFC,dQVxOt#d,sXhSywdV,vhcCirG6
4nmxf8sd,#xTNMoYT,i#R8gKdu,8ehUKQvr,X#6Hyu#2,nBzFTtwH
ZKXQ#b4I,NshfKpzb,bqglFQwS,D#n##uDd,cfKyL##k,UaseOk8U
yS###N#C,lfphzk#E,6OyZupeC,#lKzCBLn,B#LPS#lC,LhEQJBu#
6qHShH#g,guknFUEG,v6lw#IbS,ekPUG#TM,qeKNfkpq,eA#mPMWv
bWPr#66C,#CgRHsQz,PLbtYBFP,0UmVDoBv,2V8iP8D#,IJwSgY#m
#K8DGo#S,BzIaO#dB,dkozvAPo,#DulsY#c,iRjWNKwQ,CFvb##Rc
UNDFkklx,mM##Mr2o,UnAaR48L,gTzxmuw#,IN6I#BCU,xVSvpti#
6QZHGkR4,s#QDGFxb,#2a44fUR,pPZf0Vuh,mWUYZELk,#62ApNzn
dVfLRm#S,ycs#mTIM,ZqzJp6#w,4JyxdZIz,tqT#Glt4,G2P0ny#V
fkoAHzFZ,qdQ#hueW,JBOtJNVV,bIY44rRb,0bRroS6H,bTqklhC6
qkrmMTZJ,nMYUS#DO,W#pYwuJT,kocfY#Ht,KgvaaeLV,ceSISda#
OZtHveMM,#jWjSQXX,4RCubMXd,Q#BWSmEu,cPfRitQn,ldeLX#jN
sJi4w4Xz,0YkBo0##,JqVMlLrk,v#8DeK2D,yy#b#PhE,vi4Lj##H
NNoKtq8Q,#BO0zjxS,M6PInZQn,YpZtsvV0,YcPYxZxH,EdBmeljb
zwkv8JXS,nlZn8REf,4o#Ftj6C,ANEPAYLx,xSkFxCbJ,eG#GFA4h
EoXazvaz,BmlnDjcG,JG2MQd#z,vcM#84lx,mTNjVtue,PHtdNyu#
VpJ##GQh,F#Fccqee,A#FO2r#N,4Nc0r#Qc,NvXW6Fyd,w#PTZnqh
zyT#4vwD,OaK2Vajt,O#xmlhcK,c#eUuxlU,u#A#hpwB,FDN#DZsY
alNighdF,T2hmefOo,nnHwXan#,#Pae42tC,vGAXPOoK,cpOcX0jm
YfxaCuUx,p#C#O2zf,p#UxvaCe,4ITX2m6f,8MEm84ba,WBUwXZlF
rOcZ2EJl,OmzOUStG,VJ#6E2qE,x#nHWwMe,mVwdjF6X,OpE#4ERZ
2duc8#Ox,X6QreuND,ZJqxJVmg,KgEV#PpZ,a#NAsEH#,8c#W4VPI
X8DjXfXI,0cRoKxux,bG#wuyW#,SzwlB#6#,IXdLnLog,FR4dif#m
UTEaIJl8,mKmTSsBL,VvwafhxZ,nX8gqk8K,jwl4fvMY,jGyVoPNJ
B8ZagLgc,RTZHZmTw,XMLDVBiJ,g4hw#RiR,NRTTDqkp,uvzHQDL#
usi2VOoW,qM6li#nU,m#JKn#md,DFjGic2F,FUYmAzax,wGbilEXb
R4ZEYaSp,XUfzUV#L,cGvTkcdt,#xudp0#0,MAFyKPPM,XAK##pe#
RTRLs0ba,ZaGxDgFR,lRAyYlRz,aDQceoLK,2T#8o2#T,KUsntbY0
hxFgiQBU,y2IFBM#E,HEXu2jVV,V#LWr##v,iEsGL#Ov,yszIDsUl
iO8tKgOR,VborqbaQ,K0V#bNvp,AWRCjncc,jh0qNaNe,Krx4xM#r
JE#4hgdx,l#LnBUGY,YIqqqZuc,wHPpqcuD,eCCqj#Sv,iO0eKYOR
CtqEg2oa,ye#s#ExD,a8LAHKBn,goa2BFWc,qVoqJ#AW,YWDc2bok
PjhZPQKg,OT8yc8Ei,SSQpKqCn,#8Jfrb4g,YZ#4T6gs,PX#WwKsI
CVfCofDw,2Eml#lv0,txTG0yk#,gl60#Vo#,QhYDnOUO,#U6dxmSe
isPPBgqJ,8nf#FfcK,kLNGUaJi,z#SlRXDi,6W#xh#Jp,jfOgbhMP
4koMRvCQ,Lcu6EkHl,EsphAEXi,jck#6XVq,SHeaOmN#,#ldIRdoB
bw#tMeZ#,#qlx#RuK,R#4QlXVz,cGdS#0tM,hOqhHoFr,#aFrzUaz
zn#fkXyy,#YsmShXd,gMSrIM#S,v#N2HSUx,pDcvk0Rl,##2j#cNB
qHIKsiWb,A#mOhZUA,#SjEPWRK,o0OydTSE,xU4xfpfY,mf#gsHxj
kH#NhxWt,hs#TuyWF,Eu4HirPY,Udio2aUh,f4eZ#c80,PDIYEbKA
8B2q4ZlO,MoJNAyie,bpVeGu86,RHZziEwH,G#FihcTq,#6q0hXVz
j2n#igeW,fK2frqqi,CVnsDyTJ,DLU8eYLx,RZh##rON,nvaBgCQh
6##48b#t,kX#gxyq4,O#ay##yO,Rf4LqpPa,4I##rZbR,CbvuxwX#
Mv#AfOPQ,xrVTDG#K,dYS4hy#w,JqeeLSyR,CKiVCroz,vuWVif4P
vE#SqC#n,Ne2Ecv#d,#OHMV#UO,FWDvZwHc,oucQBvoi,uSB#AThG
BaNbhX2o,O4lq0dW2,fdI##4VF,U4lgsWkF,mn8eTj0n,emEa#crm
6DkO#BXk,xXbEEFdf,8USN2SWP,Z4EY#J0b,R##gHZ2p,DKhSEl#C
YcTYwlwp,VCcAzb4f,yFt#Qj2s,zww#KQVD,B#6VO#kV,Jh#xW4Cq
y#sj0VIV,RsYAvyM2,dOgN0#GW,nxereKSf,0LsI8ECo,hRiZ#mZV
Tqnwglzi,8#c#8FKz,60#qHWVA,txTtjojO,bqNxZxfQ,h4#SXPbA
a#qUjpGy,2gYXnwF2,R#DWky#e,MOeyEHen,TWYPvII#,fvz0zrvF
Tf#IKyZM,VkMV6GuT,V#JZubk8,u2Mjyk#p,qalXn6Ze,qWZ0opNC
CWrie#P8,#NMrPWSW,fiVuR#oA,ZIjlK##b,NZ##G0MC,ocvdvjs#
yNjFj#0N,uN#2HpSV,KK08jUjC,YtDLUcq4,4gU4HZnW,fBmCVfxD
SIQmSg6a,bKn4#IQC,vmBAOtPL,WIuaRghF,ZfsfHiYy,bszC8MwA
#lkeP6OS,oaVpxvLi,2pG4cMAk,H#MkpLTv,H#EsD4#X,APmeWofn
DRH#jFxY,mKjs24sa,#BB8tU##,qSu#xyu2,8VCVUUvy,RscsxlHw
k#Cb2qGu,#B##NWtY,Qx#oQ#g#,nuW#OLqd,kD#RwCX2,CD#2DJk2
zT##dTfx,#gTXWPmL,2d8Vg#0#,sYG#u6c8,#tiw6PIY,b#yofpD2
ItEuDm6G,ycHLZgkf,#AAZ#HSh,NZzzYaqC,r#Mol#A#,f#H#cydd
HKd#z#EV,sYFiM2Zt,#r2JtS#y,mViw6PC0,8PjikCoj,IHITGQXl
Ri#S2xmC,BqW##uFt,JNAzVuBX,n#X#poT0,vAAKdUTX,#FGSztap
ovQpZ8P#,mzyRJNHz,GWU#4IG#,LUC#Fxmj,H#LW4Sog,sMDD#Wc6
Tu0#BQtE,ApCucb#U,IORGg4QF,4jz#HWm6,#szZY#UV,GaeqMgwC
maLKa#FN,CUULvTfo,kcEdCTfQ,nz2#MYz2,##ZpOIi#,fJVq0#GX
6pFvcaY8,AkZSvO#R,moeIHnd6,Pqzo0VB#,40iGQhNW,BT2yeAm0
G8b#JfMW,woQn6cDG,lOlfFbsW,IC8s4dy2,dMdkvghk,uQMAwqjT
jsMe4#vk,XITbahD6,dXevtF#x,ygYd#gNI,Zt#Qweam,aRyVIj0x
hZgBNHMI,ArmmrE4A,b0#v#hO4,EXoViig#,dRIyPZFO,PcNRQxEB
ZIeJOpfW,#CFpj#Uf,VFlgSj#C,oBYGCf#C,jBmUq#Fr,R28vC0hb
MEnP4QR#,PNPaPxjI,do#jigAl,qY6g2TPG,wsyQ2kbP,nXURDttW
bgDfvYQD,H4JAYgBt,Srs8#O4V,Vu4dFdfd,#2FQT##c,gbz#XkGo
cNfomH#P,HlWSJnLE,zQhGPYyB,QbDPPOte,iheTGvqo,d4VnQUrI
PP2QsAVo,Wbptmr2a,iSEKuu#v,paVB###W,ZwAg4njC,Wx0jHQUv
BAtlFvqt,poPFHUeH,IYQDEdui,YZkrgwEm,mp###TEO,Yd4i#sT#
4zDf4UQW,ubM6gVvS,y0#6Okic,qCXNAwCL,getJkQuB,sRcHCTDj
ziOzriqh,d#gEtnkU,ABW#Ou#q,FrVEF#lx,GDHPmvxp,XYkLKtty
qWgRj#gv,PeR#fxdC,s8zbcahL,kC#UgwRU,ZXvRsY#R,F#6kAAN#
abVGAtcS,gHKNIJTX,l##ziKUj,kpj#Z42M,d#rxV#l#,t4Q4KDTx
yFAuTqwD,#buQfOUA,#lKJbFPy,RaEWXPMF,G84TXNHf,66o#Gwua
VSZ#iWbu,DaGYTtDa,4#qq#wcL,d6XVWTeM,Jsmpywpe,wIlojMtP
##bYPOgU,sAoxnz4z,jGVeniOq,n#Ac4XiW,KCUyAhEV,#wITtq#G
A2awGFTa,vWcHonJt,LbPTeA#N,sC#Ie8VP,EEWHibzh,SX0izUHe
6StdFbu#,#ViN62pd,U#mC#EV#,#qkwBoP#,ONsn4LGX,HiZmphuw
MrVDDMVD,nPrpqkrL,i2I#c4xN,cp4hX2an,zhMeQJPf,eqQULJXm
WRgw#zQy,rHAYOu2g,oQoVszld,cF0wueK#,pBqiRhvD,pijgHTtZ
bk2ofVcm,HzeeXkFE,oZn2#0bG,jpnsAItE,JbFjmqF#,VoKpieJO
v2CtnRaE,pBj#xhQk,62ehyBLB,OrYYQTHK,GyxOZpqz,#x0g#DQA
0Vrzkl#v,qAbxsuxD,40vSDWph,APhwuYpe,mwLVByrM,dZCyANlp
y#2sUZcB,CZpzI8Gp,Ze8#FnH4,##U#wN#w,dEcghWyI,#rafTI8n
Ku##hOkg,JAwsjEdm,lZTjz0#Y,SBBBHUGK,HiES0#fA,RtTfwPlR
JC#p#QoD,DdGlQ#aE,JHwmaHhb,#UBCLKyW,Ek6OsRE8,zRdmNnLJ
jcuKAPrO,WTeaFBEu,W##nQyiJ,zoXAA4z#,Zn#PDBmr,N4Erjcfp
akSnrXCm,UIc86IMN,#rTihtYs,roa6CsFP,x#crVMWi,MV2tuQ#N
HiLEHYSW,kWLMeDep,UwNtsTbf,bkKTFVYT,ZDVGHVly,pyq6eqD#
STIMke0N,4MUhqfcX,rjPWxPje,wPed8Ftt,NfiEUvBy,gPTGOf#m
4YFWnxXJ,J2bk#Xpb,g#U###Lx,F##JAs##,0DCPI#kF,hetzuQDS
LI#qZ#hv,06KgcyDp,46#ptfqE,#YefD2V8,Kxl8E#Ey,XJ#IreSP
6sUQFGlM,JEXhW4ai,#hkM8rQ6,pQP#Vxn#,WJdNtEQ0,nV#Vq0#y
#M#0kTu#,MXT6RIKP,Qqpe#p#8,Zr##q#MF,fXXsZ#Ml,Mto6xdvt
wNmgOgC4,oTo#F#nv,aT##uFj4,ttM6O#xg,W#iLfG8X,RDejylXf
SnHOTctg,#0##lcDh,HE6#OZWn,YrbZpKnd,ZNSHK4eY,TLdfdHaD
ijy##r8a,ET8#lCXE,JdmPJ#Ek,kJu4S6A8,kPr#tJir,jJ#ALoUr
8mKOjJ#W,#do2PaGM,lZsbjZwg,a#Z##LGo,4ZVNCfzO,8WX848yq
4SKBOHiH,BLzJ260d,BMtuNQ#R,s#C##rwI,pKv0abg#,Aubaitz4
vi##lD#n,4f8wkmkX,VLpC#hMW,huW#aADO,2i6XuGUb,f#UNH#xc
G0wtAf#I,#aCaAX#R,yuDnZbxx,r##A8Zc6,jkuJHFt#,dfRrlCOf
AlJtjTgf,uCpreHNW,QWZNC#8P,qBFbWTO4,Nsmwl#4s,s0hC4ah#
NbGcx06e,YDLKA4Wt,8gKJz#sR,wpAWKBJa,DvgsTd8b,aM8KbjIp
0rSR8LYa,iappvNtU,wNyGWgqm,iFF#niB#,2PFQUil4,WeT#kjVe
t6JEQl4#,abuV#nqh,FLB6jfSR,gYYznyD2,GmhYE#Uc,8#x#YSr#
RX2wda##,W#UzqV#K,eHCqN2AV,dEXcSFkT,ltFhzqJx,SUKZr#aD
niQZlLWW,hZUtWWGD,ITlsFDAZ,#a#MoA#a,TH##FWEQ,JHrAmXmV
6QommGn6,cQ#oaW2n,0ZsQdmRs,0JuNORBL,RBng0ZBD,v#pwiQe8
f4s2COEa,CCNFfJrw,B#djjfl0,08wFNZ4b,ElGl8#Fr,ogMh#KeR
DSgDxMvx,TIDRAVsX,uj8aKZuN,JG#LBj6H,Uz2kyhif,B8NRVRNl
m#Ej6kPw,INIrSnCr,KIfcJ6Sx,QxmiO#r#,C#2#ju#W,TRRdTi6d
DfEknSkE,pOTwCWBM,uYRFh6ef,odNc66UB,pWRqQK4Y,lAvFh8En
xgYJcbhr,B4aadh0K,p#BFnJq#,##vEJJf4,SCFBbXru,Y#wJFJ2X
0hyxz##2,GLXV#aBd,QNGpQdPJ,QeQuor#8,LasHIrUr,tW##pxWk
AfHwNl#J,uJOWgz#k,CCmpqYtX,Cke#aaeu,N#RZhDlY,jOt8qe#a
mg#BczXG,D4Ka8#FI,lNaWnGno,GWEl8Q2K,U##f#Rc4,MwByvLCp
dyV#Y8Zd,#nG#WqPr,BftQwwRG,P#eaSGIG,qlbDVkkS,JInsTbqU
EtQtV8xT,8CXH#Lhp,dJPBIe2V,M0HpOtEt,2Cxra#Gt,F2#Q6sEq
#uIpaOFF,syia#ssQ,IJLBZxvV,dWWNURXc,8rarhLsz,ZloNIa#6
v0sSFvIq,LpXnLKcr,kaQC0MRI,EkgUL#tt,NZMK28gD,lYaShluC
Y4EhbQJQ,Le8#eCxJ,ho6zcrcl,eiRlpBqq,kRmJrg40,#aCdfFZ8
s##jLRCk,EvFMBWQF,EhO#B0vS,#wPbs8Ww,SCJnv#Zg,zVZgTZs2
Cnl#RNLd,jJwUqy4V,####uiE0,HEBVLl#I,T4#8zXuT,ulQTmIk0
sNOcOEe2,jUkFySDR,yjZTx##C,#0SjOprh,tTYvm6ik,hOkUR0cP
fu80#ory,##huD4VF,cnSr6qJU,o#tOcKUF,q#u#Kh2h,bZUa20Uc
CPSzcjlN,EFACBtie,BQ#0CYtU,#sdcP6#B,EMbdXiAG,OHyO0uOO
eUtG6Fcz,n4466wqu,#D2iPJnX,#rh4#UiW,KiLNhBZd,WYiYSnrk
l2q6##Cc,XcJY8xIC,4P#QMrMi,l6wRvDRt,oQJp#r#U,ODhZgpu#
nYY#Fj4Z,WzgbxfuQ,kk#uditM,ElAc#w2A,zCTvEJJc,qu0bGtPG
Ba4#k0qh,LxTOno4d,kVLodls4,SBEEIeB2,K#b62r#8,l#eh0fbW
ItfyW#hv,pUuvvLfN,gO#h0aA8,Uo6B8sI2,UAbTqkKC,Rcuv6hpo
EcLpvxbE,DpM#bgix,Otx2#m#N,pfiGCxfT,jB8d#fWT,VWjg#NV2
6TuosBRi,ekXgYidN,a##xQlwq,hOlGSW#X,OAwOPwXk,6OfcxwXU
de#lNd#y,hNY6q8Z8,QIvaVjiM,#gXFxeuo,4jc#0kNF,0#4#Urp#
oRCmoGAc,Qq8A0H4f,qqbXTQvx,RzQqLYHd,JpDHsVIq,tC8y#wLY
xXutzZTn,dbNsCzgx,B40UCqha,DIyVAamS,p0rOXntf,t#uK86z2
ABoXJ2wE,Tv8yx8cr,jCpWHXGN,SZKrA0uM,#Ftk82#4,eTAJKmXw
iVDcXNfV,cqT8WsCu,Pb#yWwpC,#alPC#J4,eNHJUyiv,tDUkn4xh
lqqOy#gi,CzH#xSuY,#i#gDv#k,Rk6QEBWj,EJcFqMBh,cIOx8Bty
#8lL0##L,#jol2bnC,x0FVyjt#,MXGKmvmP,M#FQzCWy,sQCbocfX
ygl#du8U,Mwzhogw2,0KWpPSFx,zfgbloUD,ynVp#vdO,CoAIKQci
e#Hsjtl#,KgC4Ufz#,VqRMC#f#,8zSEYJb8,#bTGdrHU,EhLwJ#FS
##K4MjAj,ybZTrWne,P#h#B2BF,Y6X#LJsq,qJiIfT#6,kk0jkDhB
MdZdbvdN,nxRFXqWR,oL#o#B#A,vxcNsDPO,#w2DugtU,suqS6LIC
ETaw#FZH,E#zO#4VI,#E2hwk#M,vBj8qK4N,ZWk8usF6,Y#VkWzDq
#moXkg4u,KvnOAiUH,OhiR#NW4,Us2xkKPG,QgT#UKX2,0jp#acQ8
CPksjexo,IE#R2XQq,i#YE4GD6,wd2bZHk2,ka8C#Qrt,QBP#LPHm
TsvVzxoT,vgNK4uql,LNyPjvGU,ec6jmZVU,UiXKOZJi,R642Lw0j
FMYViT06,sTcZLcj0,kchdLiv2,jplTKv4T,sP#og#Lz,2IUlmfbR
pOhbrwXK,6iVEuZjf,bmebEtTs,2uABZrCu,eNmmyUWS,#G2Za4ra
#wjd8Ivq,yyTdkbLU,HToqnO6s,Qjplh#hQ,2AznzOx0,cIg2ZH#8
#eqFCWNu,jb4C0D4X,l#NAjNrl,WqCMFLEd,mLss#j#6,rhwYnvrj
2#jAGXMd,YJMvg#uv,#WWNiUyX,MOkPN0Fd,#6djjmHF,ICd#mgLz
D20reBdv,tG4C0Lb#,dw6iscba,#g#rUNIn,XyRjLa0u,2ppXm#w#
Yyz8ZUf#,8mvur4#x,kaRXjzm#,geqoYzZb,l6Yzevfg,EYh2BDoA
N0sKA#Mn,oWYrbnds,MIz2M0Le,NNabTi6u,wvmzW4Ek,YxywaY4g
mZeusxQ#,4k6oMNkp,XPwUwj2q,6ilrLeFl,tLPWr#og,Yg#0AkVP
Tha#hdAy,QfvXP2bZ,oDp#aS##,ofIr44HI,#Jozy0ML,lbeoNKY8
jvgwu#X#,dWpEG2HI,S#JaosDk,xRbixtib,TYp#JzYC,GAkhPbQX
LTbyQeNj,0HcsOlrK,#Y#reLjw,4rkzHBhv,EYG6lNz4,BpcERFqy
bMZfZ#St,hgJE#V82,fvj#cNn#,kV#ialvW,Co2tOhQs,CynB6hHr
OSVmhsQP,ktvhG##i,KmVV#BVj,H#UURAUT,x4UlpvdQ,6#XJgE##
#DLgsQbt,TYLpEXVL,nDyQddKn,E#Sgabng,KN8Z#XPX,aMuqTQzP
quZBlKHT,##gMuuYX,CwbRKvkb,mCbRl#ZH,M28t6myp,kC0FZbL6
vDaVLUq#,4rlkeA#H,IOZpoEZ2,zlbyXrz6,#LztKyjM,2F#yTa#F
kd24AQiw,82Rp8W8i,GXT#8jCt,esSmCtpV,#N#DKHlE,NbQmx#i#
8#kDzrc8,xAICK#w#,bfcXfiLJ,uLcjP4Rq,gY4oZx#U,2xRebu0B
quagrJjM,tNUceXOi,#SSp0mMi,eA#XRAoW,ccQoGdy#,iT#ImkDM
4ji6d#oT,NurKw#c8,OtF0kZ6p,Iw#laiP#,#bQGc##c,ZkPuh0D4
Has#y8iZ,oPYHaoFT,pzlVyLdG,Jlhal#Af,TBZQKZuH,BV#cXSc8
rRuD#t#L,WbdrFXtj,donf2j#L,D#vAJDSZ,0UY#VHax,rd2#F#jD
wkS8s2Xd,Qe#uoOa2,CYSt#NCh,lh#tg#xJ,vND#QOoJ,quDP8Dk8
ALC#KJpO,CX8qrqpZ,jM#4ErpV,nwM8rq#o,fsepyKyv,Z#Pw#DFN
u6buqpue,Sq#wDxpb,iq8U#Qf#,60eOaszA,QUzEksGq,uuasFYVu
AAvAe8#B,emBqD4M#,CZcYwspw,jddAAkab,zuPu#BDI,6jSG#vLy
BTdOMu#J,DZwkkVwo,WdmwZSXL,TBHQDBvX,ENb#kW#4,J6lvxF#G
ekn4HyIl,i06kWzjI,2awIKBVj,W0deIW#F,22BDC#6J,kgPdIoWr
B#c#s#DQ,Y4MeFPI4,Au2Z2FrI,2XuwXTtC,fu#TCdKW,IEemYCc4
T#hIaqJV,pI#wjYe#,loS8emMH,0SD4vz#8,m8hCMKub,48wfThxb
QYzAoSgx,sMxkhDmL,wktqDiBM,Xkz8EASm,ytQYPblz,sNyoz2qn
YBL#ziB#,nWziu#g#,e88bJ6qY,o6#Jq2ZI,upiBRJr0,E8hoNRp#
cSmK#4lh,BfeNu#TL,ocqV#0Cw,#QASCqdM,Whgy#SEo,AOGiwrW#
iCGCpfc4,wM0GquKy,bxShm#Iz,ODk##Lpk,irpMjSaw,4yzrHzC#
H8GI#VVa,HMyymotX,pdGhYRrw,SY####Rr,owXyAGjF,grlLtOKY
WHqqxNjU,2b2#KqsA,EtGO0z#z,opNaAI#i,66QoW##z,pellZ2w#
ksNRDfec,Tgj2Bk#S,TFOYtQ#S,#s6eJ#oR,tSWWHlbw,4RbcQBA0
AKjzQN#r,#OdvCQ2#,#X#Wo#BH,hdymB#uH,c4q4srYj,vwzVG#Uo
EtfbqUc8,fynakTvy,wobg#cUO,bPe2j2XC,yvzUwNuH,CjhrgIu#
CcN#OsGM,ZXssP6HN,Ky2Cvg6M,jooAW6Kq,2gphlwgW,by#bjtAh
ueloIvEU,bkcUb#Ge,j#JyuaD8,pIAiwSPU,8QEyKbtG,zY#vSIKb
o#UoeKxq,utQn#F#q,WJWhfWuo,DJ#wKRen,YVYnQO6L,gleOpx8C
FzPp#Tez,VW#oNIUG,xf2CwOlx,F68#QQBj,gt2EWaaa,#048Nje6
0#yDeA84,#TEoE#qo,4dY#GlzB,Si8oKd80,of#QXb8I,UsANHeSW
ProZf0o4,sXms8SWt,YnuMJEK6,NUOdVl#s,kJt#GeuX,ByXKyPYr
tZjWZPRe,Nnjoolz#,bi#obqUE,Zk2Zs02#,SRSr4#Am,czLvulfZ
wucffGdE,kPLDClKr,fdjSPdtC,#gf#BoYE,eF#stCMp,feeMiFNn
VtY#SvKh,Fzx0InmH,#vmUVTnX,#De#Wwmn,hTSqsMeX,brk8dZNP
i0Rcc#qH,K6xRxqMc,6VQCwXg#,2GIEsr#N,Z#ZPAikG,wGNaRfHd
g#TgUa#h,A6SeZPGa,iGwTfVoz,tLIYFMdF,hU#b#dnG,tTBbhg#B
#OWSkQiM,mAU0sog4,N#lXHM#h,o#odjaJX,aJOk#Nv8,wrxK2nRh
TikIA2#2,Pz##6PXY,kPc#d#MO,pZSSe0qt,Mae8DmbG,hISuGFC2
o#RGpmEW,2mkD#yzJ,ArUKt#p#,Qym2f#by,XR#xzsYY,lO6hfLys
aPjbr8#W,PaZCbyW#,YjGjVaTJ,DaOSLeei,#krjBXZk,lLAiMdSa
##R#UaY6,cWy0cahY,KqbiIu#X,qpz0zf0R,pYe6Ij8#,2#cdvTxb
fehTJ#aw,Uvo#LPnU,vhGzuNVl,NVAH#gYG,qgSvGEej,cgDEUug6
dc#ygFUl,#mDnc#G#,luEYroTm,fqMu#Kzw,EaU#Xh0o,mYyjGjRB
p8rNRBU0,2ZCuS4MA,ik#OIsjf,Vq#zWmpI,LFtdD4r#,aFMxkxPg
T2bhjG2#,VZJGjPnZ,02htauhb,THC2ta6F,ElApLRlP,DGKex8OK
FEjabG8V,K#kYVTL#,LUdECb#q,60ENDf8#,CquyU#OA,#TRhkMFX
bFd0V#HG,aTUW4OgQ,MtmC2YQt,a#PZY#WW,UCiek6GN,Els#pDvQ
RClZx###,fUNIgFVi,X#rqw#QF,BKLqOg#Y,IAih#D#N,#hGyd#u8
bqEQ0bUq,Zxwu#M#y,rGc#aQu8,h#oIW4kK,pYOdyE6Y,DKCqpMcu
fcxdv0ci,JGtFFlG#,oSMHNjEX,BR#ZeNgz,otjucVFF,#MsOqZIr
a6NMKduy,RWkTyAHl,IvbThlI4,2mcIn4Vz,SWdQq#2g,AdcBY#pc
HbWyU#SZ,IyXN#b#y,objJbLTf,SdlRFLR#,T6XoO#vw,CJPbBmTk
mnnMhnNI,WAtWBk#o,#qjznW0#,lWSnGSxh,8SXJ8k8S,ou#nJJTB
Xpz4w0m#,8u24mYfP,YGANsPoG,TOo#qSat,#x4C468l,uatYOOBj
ylfRWHVG,DA8qygWi,eUj6nK4T,00vqYhiW,XlSwcYAn,P84OARQ6
TRwcRmh8,g##gjTtq,t#ZHo#pO,yQGraEJE,nfJ4#uQB,LOWQkUM4
xVLOHiKX,NVfiiysf,mH8StSkT,ClY4d#lg,eize8pE0,izQVnPuL
lWLyr4y#,BxKyf#WD,lCkVviC4,tcASy#W4,D#ZKj6fW,G#zBvnhQ
4n#dF2jD,h40szXjh,vdAC#ntc,lJIZDnSW,WhiW6xaY,gJzoy#RH
OM#nnwD#,D0lu#Ir#,4pqQOPYf,m4ML0I6x,qbpmVftf,VeTOUqSB
fUtH#xBF,mILdR#uX,KaItAuuz,Hl#OziUk,nqZykSP#,#WqHI4cN
#k#gygDt,JSy2nFH8,uY2fzWxL,VRWvsPxY,JBJfoKGy,CKt2AUCe
AiTG2440,#Mzb#Lir,#c4FhH#H,Hv#nVNRh,8w2Poea4,Ejh2Gtlm
F#GSiqaI,ixps0SUE,#zr#goX4,4wPDU#wm,ubgoajE#,LbMAdhEF
EUHu#gim,NdxVvN#T,D2ioq#gs,EZvlyKUH,lIF#Re02,#M#IEGBZ
m##Kzhme,LDYX#nyg,roc8auZc,H##x6KKB,IF8JKJpe,DmzKRRdJ
On#MtZ#L,wj2Qurfm,86EQeLqI,N#GgQCMY,MdVhDXFx,NKfvtk#N
INLFiLP0,WnMkredR,xFavMRDx,nEvh2OZG,zXGvr8LH,TPwEdR6v
eA0AFKMd,tLEGvxzp,lJ#PEA#D,XRe0aGF0,aEDNync2,6QZrnDfB
qCgp8HNm,RvypZMkO,K#BX8uwB,jFEeDDkI,NLWhPYD#,FWNyy2Qw
O2JWYiuR,nnxv#FXo,##AfW4KV,QJ#pbH#p,SOJFVkac,#cE6YTbZ
I26s#2jq,k6#2fXB#,l#EMQcPo,#nUUqUrl,TlwnzYTm,#fPMQK#e
jG2ZTyI0,eo484#HS,bZCJCg82,ZGqNoZ#f,ERIE6FK0,KjexUHOg
SECAjmcv,DOnhUEMH,6E40rvp#,Q6DHzJQw,bFxxDyFt,gVVlesdO
Opghdy#o,ViiQKYdr,Z8oCqMJu,#tN2udIc,bkQEjeMd,Si2rby8l
Kw#WoCGu,YWylUlOQ,JFkiutuR,glcMQp#C,rM6pGN##,PcB#VNPu
XEj26UFV,ah62ZIE6,v6#Rm6Wx,#W2RF0oi,L#ZpYY#h,#xwpAD6R
yhYFIKAW,yeLZ##la,vFgA2qAS,22K##rZ#,#oUqsKmo,#zEYzMf#
ycfsN#MT,hJPnvoRm,aCUc6Awv,hr04WCJp,iUsMiOje,Z0fQwKuR
#lL#L#SR,sa4P6nMf,eahohtrj,Uay#ZTT#,yCRTkuD#,LOb6WOmH
jqn#KjAX,QOihe6nr,isExI2VG,6#kiR#CV,ffczPEw8,fbnlB28x
xKmoo#LQ,GhBLNtir,sFfIMOGW,0L#FJk04,s#vPxZ#b,lEGeMMfQ
CyTJgTKT,xwan#SCc,xIo4j2Y#,acL#cKJ2,0VhYzFkT,xLxNluZp
uwQCej#n,H##VgltW,eHprdnAL,#ZwHjboi,YX#KCogZ,8v#Vw#fJ
nQEa#Mag,#LQKq40U,#PoziLKv,xrYwmXrX,#VsWEcH8,Ao#dHvKB
#vMPOY4e,v6RonFqp,UdZaLIi8,AljUfyWF,kTdU#Ulk,yg#SIWhj
Rm#bquAB,ncFeT6M#,qHWT0gSY,yHCTBNNL,kuUJxIPO,rBENwTWG
TbZc26DU,iSV0JytG,crN4#dEi,fKIO#K#i,obB#LZGA,UuaAoCMm
ItOi2kwU,RUrTDoNr,spui8F2q,XSmoPTEz,xu#Y#lA#,XO8vI6Et
SJXHdozM,IGEUoS#W,ZAcySL#x,QxymZwAR,CBQYEqlL,ca#EBfHm
gkee8FS8,a2iHgn#b,rKEkAPqh,yCps##jU,BjZJOkyf,xBARLqZx
HDJ#rxqL,xu#LIKet,s0YHYyFf,ZOqyt2mo,nCLEMC6Z,OPxl6cCT
sfVV#Umr,pvW#ep4F,QzPEGDpr,IJPmeCRN,zl8GUzFI,2I#ZnrgI
VB6#nagf,DW##S6ia,a4Y2tzoK,OVtkVA4K,0qnixIXT,6qtSzwZd
ZwMLbw#T,uhBrPePi,Og8npVMo,tsb#WuV0,#ijY6dUy,Y4HFhut#
yckdxuhj,8iCW#KQt,##PlZqyI,GcEGTQO8,NushWXyb,aMO#iLqU
Nx2v2Fnb,i8EEAUmw,mw#UTkH#,xS4CDsCG,blHcw2oT,M#nJRiJr
MLxm8TP0,jtvIRaYW,gFdCIMlz,RcMEdbLu,dL2tb4vc,EL6cZIRD
fUpRo0#v,lfx#SXRR,zLqocMLH,#i6BKdbv,XAfCXK8n,oxrhSpe#
T#Rt#nKi,Mjyhz0SZ,CHIv###Y,TFlhBvlB,IBiA6Wlv,SjdEX2kB
wfkDiD6N,xmLKEZZk,Cp8CS#c0,Np2BUgWE,D6NQNUZ#,dCxKuz#u
bdJgrspg,0cesTxO#,Mt600UgN,TMjmzE#q,pxsLAju#,CkZVqAqz
FbLFuQXc,F##t28Eu,maUigZao,yQYH8iHT,SYHTSD#z,VCAQhUVj
LjvDcSN#,#2#zqr6N,GT##ikSH,tqa#layR,4rJAN#AJ,0kAAWazv
nxzHTA22,yoAV#vy#,vISkeqWY,8MZJsFJ#,EVrNfHvY,huDD#FS#
jjMvb#6t,vI#NAjPR,alyLdCwU,Fawu2ejR,uYPGQOob,WLChlLPD
KOXaY#Xp,bITh#2sB,vToxJMbn,toESluXR,VF#fGvbS,8e8tRUUf
NXLlvq#o,Cv#I#KpF,cXx#Py2q,xipt#f##,WHT#PTkz,#H#eTN#a
Xk8zduDK,dmUNvbfm,bVvjAMpI,#c#wxj#k,sUw2f6bh,hhcnWYFQ
FTIxMDtj,lSoQTW##,#UjLfOVM,VF#6IgrR,RIeED0Mf,WT0ZiIvA
VfJyjqXi,C4kr2pqY,IZZ#bRsi,nq4Yc#Zi,Da#sjoU#,b#dZmixr
QfavNrIw,oUcwwJVo,z#Pz2YZX,Lgo0##8T,BiSXnAuH,c##vy#ax
#SfMSNax,u##osS6#,nKlG6vtk,T06LNqmR,YDXDySgt,MSNcHDdI
tgst4vGd,vIZr6#KT,eUv#avqI,wOBnz4n#,bJQhwKBq,##B#IU#R
0Z8bAxSG,pTqXXTVa,Ea2WOqEZ,lWM8PvcF,#Hurg#Di,#aGFHfvt
NlxufI#L,O#KGv#CB,oREbJt#o,IUj2KbZB,XNRhbHBb,PK#JF2n#
Ha#Z8HZ#,#EeGczK#,rMtJMu6K,WNfJizmI,aAj#sraI,WgxCBhbF
8k#4MiVl,20#PrFYr,ovK2zFau,H2E#wdYU,a2TzTsCn,mBXzDjte
IUa##GGQ,mxFOeyVj,PQGdl#dS,xlZ#0Ptz,oh2VBuvg,H#MRs2iS
4fWDJXC2,UTAZ48Jk,omrhAsPQ,TjaxuAA#,MJkWFMN2,dGA8aYi0
Sehznwnv,KzjWpIB#,h2q#mb6Y,4zYGTYF#,U0f8hTOc,I#BNXSls
6zysM#Aa,0GjdYd#F,d4YaSUij,L##ahil6,HVrCZYVv,AeneiJut
YDkOmnqF,VWFei#As,zGebeW#P,mVmFeOJu,N#tdUNyb,UCZ#a#tP
TiZPqLdp,kBq#sCiZ,iYixneHf,lEuFOkFP,TtJO##I#,Lg#DJ#Xi
k4W820HN,nkm6DAzV,#EfiFskb,yNVLncDE,h42o4BuE,moV6RTeO
pzj6tSRl,c6YBhYpZ,jSRcuelE,ia##tFJF,VfwAynlz,#PEtW4D6
LH##DSwN,n8SzWAQR,MWA#AIpX,C4U40xlJ,ZNBcGXCF,OUYQVfLy
TR20qMWj,4BDqFcKq,qSNGcm2B,Dhn#H0Yp,G6dSMpQF,eShdxM0Q
ZHvuSPwV,WCRc8hb#,ljopMchZ,oKD2Qkon,##JkSsXu,swaDfX6v
6iDnQHNQ,cMFDYdYK,LMj4tSMQ,PSIbBxyX,NPLopn2U,MXTBI#An
k46Vmef#,NQgbM2YQ,NEPLhFl8,6bd#Yhrh,uEWaOlyM,IaqmSYju
e#cAoBsr,8ldbdLFH,EkejcSZG,Wa8wKXLw,hZXNR#Lm,#ONLMyuB
0SCBjvNp,vERZxWU#,NfjULQWO,nyfMcyIb,H0#kvpMR,D8zXT#8#
#ChUd#rm,aLwkgc#t,UsFzFVWY,cdJtxJbe,kyuYWTkl,f6mUhJX#
B#gUAqOc,ZUgwCDf8,4cD#laW8,ezRUgOPk,E##HCfFC,vI6CuPs8
xCbXMNty,Mm2YBIt#,PIkWoLk8,MC2bmKyp,GurlZIRT,QTeefNf#
#suvDSgO,N#CuNYFi,yfC4LAGm,Fz0BCOSg,ErqVn62N,lg#naP02
Qn4HSQeN,Tv#2gu#s,o2WF8BN6,MXcLXzmR,znJVCEP8,OHv#luhi
ijIxDUKL,IOQe#Mm#,iGuyWNXb,CPAHH0e#,VGOoTcWQ,LsUQ0XPI
Y#h#lxtk,4CGuuaqU,ggFJcQBu,vRSSpjbu,njnx#PIW,r2yt0OEq
DOJYDoit,jEptZzqs,RDno8gZW,#JgUlYj4,lYblLFXH,xOzbJKnw
eLzKsCiL,LYRW#IO#,miRdphf#,OV##M#CN,GUIm6f#C,lHbJzRB8
8hPf4X8z,sKayBcuv,uJGAONZa,EVLR#bJZ,SFr2ssY#,DeAzXySc
iexnanJ#,aq#2MoIW,Lfqw0p8p,lB#U#4fp,#2hb4Vbe,wTUIfgBb
WrASBB8w,MHQfRGUz,Ec4zYe6Q,a#0tThtL,ofKph60b,XG0a#F#E
8G8I4FPU,Yrh#Tvgh,SDYyK#PR,vWEpMTxQ,UXP0Ku##,EpWEMIcY
aboyU#Lx,U4z#YBWW,PyMflGjQ,PmKRSFi8,rFvRaOIS,BjHqn0Lq
Joeo0cKu,NgcToyBa,ondZqkAS,8VRdtICq,uM2OXhtw,6XcVDctE
XHoh0Ee2,BBEWy#Zr,h2Ikdeom,VI##U#vi,2J##Uvjh,wYghQZyJ
caEBD#kZ,tlxbvlgG,MmCGIxEN,xRCfpUev,ARaXWRMZ,EO0ryDnr
44GJZTnR,##KF#FOV,2LNZIRd4,cwVnoapG,FVYmv###,EgeGcfJo
0WarqvBW,6oSftmSe,ywx08e#K,QVlL#B#r,VSgokbPy,xhCFmMs#
WWzwfCco,8ulc0t8g,#N8hU#ec,mKcq#etv,XB#sVYVC,g0eNuH82
qg##r#N#,#URFE#se,wMPGgxcO,0xYadQlD,DyHWdztb,llDvfcAq
YtlxELm#,xdAId6iM,tk#aGPTL,aRww4EBm,YRqKUcIb,Kh#0Wuyw
z8qKwHMI,OBOtLcOc,jx6fc#Ay,J#Ff6a8n,yA4ayY6l,ASA#g#XL
i0xH#zUC,XGmWxTrD,4h0jgl0P,4o#onIrr,t2xxSIRv,R#GsEvb8
TrYR#XIk,n4#ESoGJ,jMh#hF6o,cGWJ0ORi,VnNZUoE2,yfhFdcrI
f0YyHzIP,Cj#26YkJ,j4mLFKnQ,fdJ4#kEq,yJQrmhxH,i0O0POqp
oXliEnjO,2Ziu4#Jx,OhaxY#Hq,WGDaXi6U,Gvzif2hO,#ZLJI#yL
gQwDNc#8,2Gr4vDkJ,6yPdHSUN,XF#PS#pu,cR24Qosc,S8UqmN#A
OKQqamV8,PF6HzlYP,WN#GpHUS,y#e4xh#H,oW288R8x,q#jMvAab
qeXQSJgC,y#b#4tQz,b##xzLQK,EFwNZaF#,6#nnnmpb,O0qExFPv
YTMzKeil,Yn#MVEfa,fgVCmktx,#hb4Xok0,IHsqkVsi,oEdAMdGI
qeKdiXyT,nhbFTRIe,cqzucAo#,n4Y4jwoB,leUAg#WZ,cIUnLyg2
mPpMbu8M,mMA8#Hdq,2jMsGNP#,whLjYKYp,kfPdE#2x,8w6LlOAJ
M2M#a#A8,i2hMUicl,oeR6Bq4Y,UTb4Zy4c,##4JGlQh,BjeS#FAc
wSDjslct,#wzd4XHq,zu6EK#IV,Z#NngdzI,W2RGzuU0,zYEcaPNh
FOjmC#kJ,qo6NQdyU,WvJmGrG2,BtxFXDlY,#PbLRBiJ,P6#EaosL
fdTyb2P#,ycOJ2LsY,IPc#puhp,XnW6AZK#,hsxoxxGD,mBlIgl#b
WUC2Wmhh,0zqSbpxx,yRyudjMF,8Tk#R#cZ,DafPnF#h,6hDPtHPU
ikWGzrvT,#cdnYqV#,m4RMDdZs,G#q#ERY#,SmnkLDyg,aRtUloLp
0olHXO#O,HyXLHxMs,##Xoa#mT,SkrZYb#C,tG0HdNiQ,YxPBU2#c
E#cnO#sF,vKfKBCDF,#nfP8WjU,xgRRPoSs,O2zPkrFd,2aKsCIgK
ZUDietIQ,ZkdHrM#G,VCc4WBvD,DuxV28SX,JE#zcH6l,hjk0#Tfh
Ednk6H2m,YMaT4w#K,uZ#G0ebc,YedjYnkc,02EiGrRA,fWPPADAr
XQUZ8fkF,Tjrw#frG,zudXqmBw,sXAg2WTV,GnehJ0xB,gtI#aQYZ
QJvSaug#,bsQhL#42,TxLEP#bs,G#4SJEhX,rGCGhknf,#ilQacOc
DSZZAndv,uSruvjDm,GDksHLsf,ihSf#ij8,lrpGFXRM,QZhzxsQB
zlchurXm,BdRY6Yxt,#SS#P#pJ,ncXcGXBb,4vCxFz##,uuyLsS2n
K#aibVhj,#LqgrCgo,OhcziaKf,dr0sA40G,JwlUUKYH,ruGmRDBb
K#WPnvin,denizpPM,jo8D#w#d,QcSbbDvC,Lvb#f#k#,GqjgVre#
RwhmDeWx,ptKipG0Q,dkLyCqOa,#Wgc8nOm,xNBXLvQu,jiahlgcy
FYWnJro4,#wPcGtJ#,EMPtQVN4,ygligqVy,DE#iRn8q,eSFki8Zs
Hm#QqRLo,cfG8rzVj,QdzDamH#,zMMU#TLV,lt#QoZuw,axWMYTjm
#Gd0s4yV,j2asr#eZ,n#xmMrkx,WyChcgRL,Ool#fzQi,hFR2cNmq
bIEoGF6T,y#uLcgBe,dwO8ae44,aiGUFYPU,Q#O8AyXe,#H#AJ2QE
tQFR#WkV,hECLYOAT,W#ANOLIO,Jo0lVocJ,dFOKj#AU,44YRIxGq
vHUgTYXy,#X6Y#EKD,otjhC#eO,pn#XhuuS,Yvy#nL#H,GTwGlkPK
JkgZ#qwo,diYD6GnZ,#UHoT#6a,joLuL4sZ,sQCcrWVM,2IQSknfM
T#c2e#2Z,l2HJifFg,LYL#ubE6,DcBUJ0Ar,NRqXLfPc,RIXqAGKn
SkqD2g2e,#KTLfLZg,#MfUI8X#,XuKnzU#O,Eq#0MHza,0k##euet
m#HHE88T,QfLVOWe6,IgAamtTV,#ScENuHD,qmJEs4#e,2SKHNb8q
4RmyPOU#,rWpEYSGi,fFjbrbBW,HixQMn60,vOnXwgOd,LjRXHjQS
vipm#t6b,LRul#pQC,6#D4jwaU,2Rw0Zk#T,o2qFLEjF,#cdhj8H#
G#x6bwGn,AmYEHUPl,dFiuKefT,y0bf#Za0,pKPDO0W#,BokA#KRq
#U#Be#DN,#68DmPLc,#uhOPGed,fnwMXcow,8zOiWNY#,y8Yrii6C
NE08uB4G,YS84duKR,OIGD2ih0,Uw2cKGJW,aZmmjLVn,JytBSyHP
HnmuYEKN,CqArlndv,#xkiICML,NLn6#GtD,jsa0pbdm,oJdg24tg
XV#mc4Ur,xT#u2aaJ,hgjOPNRL,RZ4#DH#m,MCQqIS8y,#wwNZUsR
nsKyIaYd,I2gSa#ho,BV#gMS##,x#ez#pf#,n0uQhHq0,48UVZ88M
ZZBbDwh6,4tJ#PUMP,U#2Rxn2j,E#SKngrD,2qwbV#8J,Euuyn#fy
8g0biXAC,Li#mgK4f,anIvQZFt,SWxFPObv,RA8B0koU,agvrk6fU
ukAVfiH#,TMMUtCVl,2dOCTTau,woFZFR0T,#uOVgTAR,WUTlrvJ#
ZXgK#hga,PMZehw0C,#8bpiDwV,wuNKYLJD,mVQpwRs#,jXaxLSCA
UV#UZOZy,V#2fs6pF,Mj#iSDho,k80EkvGH,NzVg6aL#,jvl##uxT
wlmfLcEL,rR0WMt4Y,IgsZpgdR,l8##yhhq,asKfC4SD,CFH#uAOg
ZTO#fBdl,oukc#8bm,XZYItbHZ,LnR#tlHY,rYYhqOnI,wzOGfjPl
6tFTFXgQ,DQWl0Xkp,0JPAouMu,#aNulMHs,k8JurA4#,QpGOchCI
zNiQOo2L,rl2#RGYd,niyYjBjI,la2#qVpt,hjzrQr#b,H4UCXblL
AcR#ELO#,BbyVhsyn,mTyZGDXD,gDxpRAgl,Li#PoD0V,WN#rzPlK
Lfcm4OYc,0Pu#gmJj,ia#PhtNr,##DOa#SC,8RH#R8k#,vSqaH#cU
UFbILtBb,I2gg#V#4,HiMp#XNm,idbTF#O#,xu#KtySx,XXdLcpKv
esNR4#i#,bHoQGMJ#,#nDCA8s#,FpJNJ8Bk,PvBTwL##,cVcWpgHh
MAcXEVHH,acKbxPwA,eGgLLBU#,BYr0UlhA,q#YYX8Um,PGwmGEv#
4JAx#6Wl,ORqdy#fY,kssh#P#s,ezCX0NOB,#4iAscbb,oiokpMOr
hsWyoZhM,lBH6D4fU,nnJSc8Ct,toHC#C0H,Y#mYMhY#,HQKNj2ZQ
sBfCntTm,uff##DQh,#0X0vFGH,a2sCQu#a,H26rUhgw,YpOVM#Uz
UL2S#Ya0,hDA#gSKr,yAA6vWT4,fsWAUjHv,kiq#U#mS,rrNVL6my
sbRCfSTa,J0aiDh6W,FP#mD##c,S#acZpad,8p8h4kmh,mBcdI#4R
KHHaIuaG,6mM8szIx,z#q8GhCp,xt#VpSjF,uaTzYw8l,mJxAnklf
ynNhpPv#,bXXgXyuk,UYNUJdvv,Ptl4aWey,uMXAN6DO,tySh444u
2#dDvZ#N,kXjxXzSE,zv6yyDFG,mAipsMJc,kLZzMDqs,NFg8#dko
W#sfC##G,Mphsyst8,BJ4O#fmT,#VGtTdce,AoHJ0#AP,UHDJdGiB
dUKvJ#yu,8Q4IYB#8,PrfnkSm#,qxrHtZ6f,pmobr##n,tx0rxXfe
yTJ8nfWi,##cNh0kv,#DsmS#IU,KVYj#CAt,BhdEK2so,ZrUssXIT
ZUf00KeT,nusrwCZ0,#EaDBU6S,YudWx8N2,EBt#ZPVl,20JyWKmT
JjiatTYk,bRIR6Wbc,uuyIFW4H,hfrjaEoC,fcNLe4r2,v#r#NDed
q#Q0IIyD,0#Lep#B#,HtskJB#F,xrCGYsHV,SBeqZWP#,Ht#cd#sv
EzwfjdqC,HNXerazm,#6AHHT0a,KJOh#owT,CY#8N8ne,XfmcEjnD
Q48VKqdt,i0#ni#qm,xZ2fam2T,sjd8TghX,HQKIiJmt,n#NDfe#4
RHmJx8Gc,hQz6VWRN,V#OMpczC,yPB#Oden,apk#G2p0,tkPxMgJZ
adLS#4HG,QI#Tg#As,oUMzJWQp,cCMYKOJe,rZ#yGu#i,if#8gZmA
KUzMj#jE,JTPIZR6K,pJnZxFwL,jzvgiin#,IN#oWBkh,mX#pkBTV
mf6k#Xyz,nuEat#XC,CMoiztAR,0OxmA6to,rHP6Y#f#,0KXdbuvc
bKCedZr#,aemMfmBE,yhXVk8sp,Iv8nsMLG,sb#h4KUc,jLNVDhwG
#SPvLLeW,A2nO6TkN,GOAAVahV,mJwljfRb,WqYatoA#,G##GadNY
J#v2s#KG,8DU8pyQ#,f2CWyZuZ,kbIZfkl4,jJtRGVHp,t#oYmY2s
OI#rqnZs,ZUXr##yj,eqQnn2dZ,a#LfN#LV,#wgKz4vP,m#VUlWTY
ALfElf4#,jTZdOmgA,BHUCSxIS,dRu8kx#v,QylNukQj,UqGwtXwE
uLanWuf4,YDWK2usl,HLNBAtP#,G6yR8FPT,Nv2E#zph,bDf8hyGC
xbs#0tNW,MTOsLlPD,FeWeY#Qk,sUJn#H8y,#KBEscvV,bHuh#RbL
LJFj#uXb,R8yATGhg,s#RwcQET,EYYQ0vVM,EHJFVCJE,cMPyvF#g
dpAyCR#c,jSlXNn#M,6p#Kmycs,gcjtbWQo,kyf#VD6I,yXMnqRvW
X2BX#jGa,aO#C8TSC,KqlfQ6ZT,Z#DvGNDO,jxwTNIMi,Hi#TNrnm
hh#LsARs,#XFbap##,zl6c8CqR,AEFoTubR,CPqNMqGM,Z2DAjEic
tbUUgz#g,aqmvRGM#,Jh#2sK6k,CRGDuh2u,0zMWJwXf,a4dGbcJQ
#XMJq###,hhP8EVOz,zUnv48of,Au2HNzjO,jgFYJ#YA,nqcQj6#m
UHKELXVp,jBCmM#vY,R2zfwcEH,BVZO2K4f,kjRWPope,wxDFEb68
#8DvsXSJ,aYQSnlnk,afrPXiyx,8ZifYzSE,bmVdIEbT,#UO#mhvX
k#GzOfm#,TeocFhrf,gt#Qbqcw,#GcSBoU4,iSGDtInW,LHcT6##p
Er8jUcgn,#X8TCDAp,xJk6LrRD,#j#LY2qd,b#Xsml#P,uluoumwg
eFnlEG04,tVLnh#dq,aeFRqa#o,npAJ#BVk,sQc#Umzu,#YkurDnv
kVGl60BI,ROd#kzH2,n#Ni0MYB,bn##tQOo,abEMxjrt,r#Bkgu#P
NYwWNuYN,lDoWTJWg,6#6U8blE,#DZAKdOB,xOhq4oT#,uiDLNZM6
#wWCaFfw,hsxPjt46,##lc#K#n,z#E##C0#,UU#eJVkX,V2F0R6FP
6MnDqxTp,CXKlBAX#,#ORu4FkY,q04zTvCl,NMGxoeHj,oDc4#vHp
#sk#dWYs,PVkVq4Kz,N0lZ8JR#,L0ZK2qej,Ea4n8LiP,0ljMV4Zp
oo#0UCsl,8vKnE6ft,XoIYGQ#b,0ggXKMe0,tU2zoPXK,XNEsLRxw
AepaM8YB,oSxHZwJW,R2uWYUy4,CyT0KMOk,Dm#me#n#,xoVXjLfV
cr#IYyw#,ypcmH8nj,zPlUSlXK,VtXQPBE#,UHNsCM64,6lsuWolx
DM0RlE#R,sboWUPuz,oUcgqFGm,##j#lVVj,#4#x#dXL,wJNrl#Mo
VsbmPQqa,#m#ThVdv,cZu#jfwK,m6TcgSps,#pFO#zKK,RA0IU6hO
wB0NCXcz,evFveyL#,kBD##zIY,rJs#tme#,d22G#stB,fX0kNz6W
CZ8TUbkG,I#UOaZxJ,abriCaVq,Hjkl#sOI,Bdx2KZc2,4thdsb8c
GduhSeno,rqAfxGSs,2o0tZxeK,WuemPP#o,RvKHVSok,C##q6zoV
mR#88#R#,l26DZ2CV,JEzeOJK#,skOeBhom,GC#0#2Q#,a8kiAwYZ
WCQjxWKv,6qLA#unS,ImzOZlE#,sm0#ZXy#,#T4nnS#P,OXeMBeoG
pW2xJky4,SbLGMLMM,qXcmPvkH,JLKk#aeK,O6mWnRta,Xq#SHplQ
rrBWhTE#,wUWpukpZ,Y04PQNxJ,ZIfA0IFH,pEuLyPUz,2HU#XwCn
VvlLTVVZ,Jazv8##e,rvAr4RPF,Ff8sNzEP,02UaG#YX,XvkKjKCR
K#u0ajJ#,KBEy#ABN,Ce#VYB#l,ifCcncl8,b2NyoTw#,tEmdzwcI
LOJqCgmf,frlo8TtJ,cwClf2rs,c#xaMjSL,#q4CvYQV,bsu4#JEN
0wmBLc6C,ZnmS#2Ya,S6XRgU6K,WKz#FPgc,jufKXOga,#LXyikpE
PXyH8#eC,qk#u#P4#,cAhbZGI#,ctCbKABr,280oaAXy,nkG4EEJI
OpHQ8UF#,MitsMlaQ,dFQnai4#,wN88pd##,QpdNGGYh,GjzNIIyn
ObrX6X2i,SqoRSQqm,eE6fqPJx,jYzBwXdk,BlJm0CsW,n#nWAQEG
2V##vcx6,sAwq#Qoa,uGhphvz0,atreafO#,SPiJccVh,avGDHjkV
4Z#eHyfP,C8NNxTIr,tHFYy0UN,#I8dTd8w,Fx2#sNL0,Lhv8#nIB
wKsSdHw6,#tyY88#2,#CsPEsVl,wHidKLhj,jdcy#c6u,lizFtZFl
ULSP00zP,S#sVfAtl,jJi#OYgE,#xEpXDkk,l2QOe#XQ,##D8HkIY
ZK#bbt#4,4BjxLThD,#j#HGNl#,Vt4ui#oP,wYp6T4#K,kdbjpbGq
RORgxwYo,8IR6qoQR,vm#JX#QU,x#J#L#Ri,U2o#hUZq,8VedBTIj
#6lgCWxn,4WJdvxo#,peFjXrA8,Tw#YZgh#,YPMflZMd,DLHDH8eS
TsGl#f0M,YUQKC#hM,4#RkNgb2,vWaLmNjG,uZOVVVXz,wEy4rD8N
Gw##mahs,DJfDAuCD,fh#mrTg#,neFWI0J0,tieyyQGR,QgB#xooG
fojqncwf,BbueJ#rl,cDySPK6Y,S#uBa6hD,Nj8kQUlq,KPXcvFo6
V8I#OLji,6TGprYHa,MWU4#DqN,JxvjIf##,LYl#UhXp,ZeSJpJ#b
WTjuD6XY,OSJDkoCw,W00HZ8pT,#BYw8JP2,u#pGzB#p,oKvKsMQB
CRATgmk#,62eBqhme,Ne#uDegk,wrykJUe#,eCklMzgo,FOTBVhl6
U2nEeNkX,z#OCSWMG,#WTwd##6,Xb#GNg8u,#WbQ#eou,JbCBWY#Z
OjThpJaf,w#xOpR8E,mqgqhjRH,LCYr0vx4,ytTphgdl,crlgT#l8
BGGf#xeO,uT##enBL,GoLgYJlA,bcIWnFC2,YFIvKQpu,0xmkhNC#
ALKjzBw#,mKguaXaO,WnHYvQVQ,4JblfFMr,#EqByAL6,cMN4d00o
HNa#BTS2,vW##ZaH#,eODYDRIc,mq66ZjL0,uBItNZPd,WZOsbLjG
LpNM#2Cg,#I8siGHN,#DAmpQCr,GpxbCkzv,hEUYL#LP,VhxtV#mG
vdniMKY8,L#kTvXTL,#tzunacA,#pcBF6by,RCJ0Nxo2,v4uqMfkv
FX2I4X6H,omkQC020,n2izBnhE,4r#lJ24a,XJHrOazg,DbxDIIDR
j8eMcKTM,Q#0#KQvq,yx8Ncfdm,lGk8#Tec,WVR#Mvzd,GoIHu8EV
#nami0Cm,Nc6fIzpc,mLwyL#Zo,R#0bLtPg,YRVOLNfz,bicswhRe
4od#Gsmb,B0gTTqop,NWQXZLOp,gbmdzY#z,kN4k#ooL,Ms#bvyCE
yjgauZav,PYToPG#r,fehawImz,rhxygkTm,yu64dzp2,KbNn#PZx
U#2B0NRC,gwsdyF#D,8SfN6LYN,oey2VwZP,Fs4#ZcVG,0han8l#V
xsPKY68n,tKd6Ekj0,yTyUZNYz,TxhYXxjE,PDvoH#Hx,lunnD#ni
#Bqw#00c,y#nzXt##,4JKt#me#,HXcOdGft,vtaq8WkJ,uJ#LXpyW
EwgRp6CV,ikQ#r#m6,aR8YLHWm,b##ucbE6,ozGHKXjH,4AQft08H
L#sIASsG,zLQch#yv,0rf6#OJ4,tbg8YBln,U#vHDwUJ,Tc8jSn#o
pOByPfc#,RbvAV#A#,#UHyX6ni,b#EjqoFv,oBUgBuFl,znpenK#L
X#glp#uM,GEsmo#gg,RG#H8HOg,YLEUTY#M,TRHdfd##,o#oUCw#A
#SR#xztk,#htY4JZ#,6KjqvxGk,HdPDyb#I,rRZczTPW,rHUaa8LV
ME6hgJqc,EJtxTvwt,qaV#kCH6,tULBhqR#,4#rFy6S6,If#bb2gM
LcovPCxl,MbhZ#Zoo,lvpN2v6Y,icKf4Hwh,SjraP6Tb,ClO#EaHO
sceJhXDM,xPAFBCWV,#dP24#zn,yMwM4F2#,f4Gp0aVw,mkI#E6q8
#VE8PsBs,lgeLju2K,###EdhVH,mHHfRllK,wWpbzcDi,GzPBZuHo
#W#LPgK4,gtkH2cuW,DJKZY##s,#GnTSDei,#ZAyI8tp,V88SDgVd
Cob#tLAD,u0eiwpeA,vwTYMBGy,#fSMxsVa,s8Iogb#W,yJ#rVdeQ
ctgRFDCQ,OV0t#cYZ,BD#0KnSX,rufxnuoK,2GPVmIb2,XXxLAhbk
#fH#8VBY,DAOp#REv,jwOkhwpy,HJHWoK8w,Ehu#v#b8,#WwLOoFB
y#HUmni#,c#8d#j0t,#s##xHNr,wSWTn#bL,PRaj4INr,fQKMTzcS
dFJFVokU,DemZcWYY,kgHC#OgO,MjCC#0Rq,Bb2hlsPY,jjo02V#r
wM#mvXTF,alkDKr2v,ai#uTkOe,Nag#OEoB,PDpNHc2W,#LTSZOmI
vmPcHH#Y,yfNUA#Ys,#m#aKUFY,hWAFHI#p,OvaGgoGz,eeqI2S4V
HDI##i4N,ukT#pImF,gnMn2p4C,W82WZ#Ev,nFtBDMUS,FWibJaS#
Jhks0rT#,Fm4gIHip,eCy2tNh2,qWwgCIgq,TscCCpP2,nv2mBG8A
#aaWSDHI,ILjMGLnZ,j84R0chV,CaGIdlSP,Rdos#al#,iDmN#6xc
yZc8SLhq,4qv#ECd8,#SuL#MXD,t8ILz84H,2U0GJ4#4,#qLSWwzs
40K0HtxR,hihYTYF8,LEngEZ##,wW4EH#Ki,rznIZOx#,bLi#XvD#
yzWKTigm,aJmLoHI6,EOJYuLmf,#4FNEsJn,T#XxwxjP,#Xnmd#gz
a#VgH4Tn,#VDYBBHt,#4X#ZYzI,MNJaawzt,hBRUR0fr,MSIw#wty
#zAC0SPR,#FCtsSQ4,JTJ#JcqT,xfFx#zrH,lavZuke#,#xWql6su
uNQ##nei,j#jHkpmQ,IhX#VuXx,LPMLRwm#,RdDE#kEz,uOa#dtlZ
pAuselOP,DLUk#TB#,xOSWij#R,hR#ehQrl,Prza482V,son6Nyp#
#lNjOFYB,DXZm#TQY,Wbhrf#Wv,tuB02VkI,VY#cZjkg,QBuwDwaB
Hk#hpab#,KWs#ZGkR,BqyjB8Ix,pmfGCQib,yTpHNvcy,KOGulBQ4
keKBabF#,CkJswHGD,0YrkDhBu,OXnqCiQ#,#ghoFul2,J##fzrml
FT##cAHQ,#KRybRPU,vRPGCg6t,UYitSzwR,Ddri##Ln,cYhmm#dX
BLxLJ0Nc,xpmY4ysv,HkeVK2Z#,oSUfKxMB,a#j4m#NY,QAA8euxo
WPqxKPvf,jSMOm#pu,Zm#bnKxr,WmmLwHfS,rKNutGJ2,rJ42#4jk
CMEx8nTR,86ST4M0Z,VgZXk#BH,#acGmb0#,KTpLVjX#,#mmaPfK8
EENhzNcl,GHRvCEAO,r#2R6C02,rpFKkDZM,dZek6WGV,C8XTJ4Ce
d#B##ETS,djXEtxWy,Pc6MRM#W,IPQ444DO,U#xweLdi,6YqtC#Nh
Kezd#BQQ,6wqKu8IX,e2#cswFe,#4UTaO8#,FgqbWc#P,pIV#cHUF
uUeK#JpE,yk4ugPN#,vs#CR#ZP,sYu#TByg,#G0SgNNE,tXCpckUj
gh08deUh,Nkl#Fiu#,G#R66Xys,U#Vgmd0N,FiWHG##c,6rwXQ#FE
zZD#8kxl,h4#vHQtz,SPCDrAS0,F#CvI##T,LtUiV2Wh,QVGoQZEM
cE#X4VZQ,De2d6Ace,#FgoxSN#,APeEqKof,nm#MU#we,ToL##Umk
i6kccVAM,TQUesrQ#,GONKlrEX,hs#Pjd#M,##ahdwQE,Ai#QidS8
es#yvUy#,Fps6uHAl,x##c28mZ,#nvTVqZu,PIKzqTEZ,#APyk#YV
IeQJ#0R8,ABYsSw##,QTH##Qe#,QQDjzlSY,ybesSSps,l#nTGL#y
jrhDrMMY,oDXyfmrI,pjEcf084,PT2a#Nb#,IXvg8UAP,GbVRMeNS
qmLqWQWk,xyq#dRuf,8ka62oLz,xhqEt#r#,uOSQewhW,ABwlc4c#
Gptz#HXO,XV8TU#Gx,sRDx6SH2,RE2AZ#Ig,6KykLgCF,Ks#BhbOH
V#NdNcRK,XLOmYmIo,4f8#QCYt,LE4xh#Mk,IMOsFrTJ,PImZKKKy
SVbV#zi4,D#CBANli,f2KJhrlw,gZmF2iGf,zX8N42eC,OmpHuagm
T##c6AKJ,O#mntKXr,w#8QOkSZ,Y#vRPzFH,OTQE#rRh,CzVojaSh
MXFhtlaf,nU#KkqyS,n##UTz#G,sq8ftVd#,rUUr#vz#,vtcP##zY
HBw6rszD,bbjvYRT0,CKTSpeeo,jyIv#dUM,8wXQKMzz,rnwqVeNj
SoxiFTrh,DUK2whhS,#gIkWTSs,ZUFav#ud,#n8fO#Ed,mgTnFbc#
tabOggnM,yklsjRHG,aqKbhxz#,Ljk6vfQ#,ltOj0Ye2,EyDntb2n
NBJPses#,xlvWIuOr,FhVme##I,O#jG#ZaU,VcHnVID#,NA0Ck#Z#
w2VqyenS,vVkH##rP,MoUvCPzg,lskeKq6p,dnj4OThu,#puapYE#
NbTbvt6n,#oKm8BLY,uCfPo4IB,OfxRTxui,GUKbHYKk,2GDgGJFO
#DgwQ2UV,CUpXSUiC,#p#mDOlM,nrKHkNeQ,nUfNkZQr,#CI#4Vfz
NAAWFceF,G#hP#oGS,XhmHo0xR,4UojCzgy,MEUKSjI#,8OhXRfmm
Yq2FJ6Rd,SPhImsGO,ah6DFULk,m#clhHUl,XjnYaCKS,NhCf0OCL
Vybxc8Wv,E#ZCvw#R,LediDP#c,KYMLBAUL,jxjT#0BP,E##oDNXK
wbRBLv4x,YhUpPMYQ,Zb2yWhX4,i#2#yabg,hulpSp0d,J#qjAKLY
kFk0ENTl,d#bpCDdK,ylwMSrIc,oZz#bo#L,zSySyRve,z#p0RNCM
mN6ZcKm4,2YhF#UTZ,FrDGP#aX,ohQqbx82,UWMpi0XC,2ymZYJ#G
OXAQwePp,j8mW#2o#,#x80XST#,hcYqjAOQ,dZPNj2wd,f0Y#Hj#O
GEXifpfm,L#yQ6SMX,v0pliOkw,Ur#nGu#X,#cOlZIrA,apcxgtd2
f#Fxk#ZU,84pv4Nlq,8zOXsBCd,bF4QOggp,HY#i2QRw,#gjFBC8k
ZylX#xZ#,O#bKPJ0G,xN0TmAqG,#zJwNqgQ,N8GA#Psc,kylmXsQM
hGLU2NsR,tVdmAy6H,LNqy0kU8,#a#nGlqc,ZYQK#gPm,DFwI8JZ0
ybIQqhVQ,t#WKTwf#,ZPac0rVq,kXYnaDrj,4BGXySHj,N#s#2evj
MekTJCmh,wETiBbw0,mDtV#X6x,f24g4cdo,DYZvpsy#,K0#tK8Rw
v#zLDh#Q,kOAA#PvQ,yQMoYZNp,OWqT#XYk,vusuF0Y6,O8e8WLTy
rGnCCpXk,p#djdMrQ,P2LAtxXz,BTJ#Xmkc,8QKwAxTq,hpHOxDdE
tzCa0#OY,##qvi#NJ,kTsVwozI,VftJYbaZ,vqLHaxgm,b#ulfGWl
OKbtjJfb,A#OT2#4v,UOgpXmho,bJUAd##t,j#PfYr#P,m#d#UGZZ
CaJGzRao,vMC6K6Cu,MXAZaNKG,DgEwpEeN,ulwvoFL#,6dxONC6z
FyTh8X6I,wOZejqEL,i##yga6H,#RzziVCM,TmDEAHKt,4j6tYzrM
r#zPvj#n,WJffYAAd,R2zaMFzR,lAopYPkS,KVWyxvGv,K6UznPE#
FJs2#NbU,FJn4WCAj,sYGy6Fet,J#kVIIts,yacXZydL,b#QvTk#l
i0BrY#Lg,BYVxWzXA,omrVUzP2,mhqNXh2T,4drxIOFA,tFbVGvCC
TwVEGQE2,Nt2rB#Fl,E2A6CLgh,0DkSX#8D,h4Zbeo#X,G#TpApfj
qs#RRJRm,dD#CMk4D,6Y4Pa#PW,#S#aJoQY,#PYHlRHo,t0MM#CQY
ofvZMmTJ,DMQQWGRV,olk8#jzd,#e8WLSV#,ulq#46VX,ugjghg#G
#8jx4jkw,2RPHZNf#,IYCDmuQ4,HcxaGThB,#B#CQlvX,a#DCE##C
kvoy#HOZ,bMkpayhW,Ja4dgz4#,xEejAfvY,GIas0gID,XVSMrsux
El#pby8G,qYyAnqSm,HATstpbB,eTisPUIw,8S##g#Xm,#XGEAwnR
rkZSWc#V,#6Rt#SyP,BN0#Clx8,6aKAfZlv,#nTlThjF,eCdRupng
JV#AHVkO,yDTmJ0LT,YeIYZtvO,b#YgsF2N,mRxVyV4x,0#rpEfzk
JsOwRXcC,hX#maktP,mqqeWXNL,CNKKGoy#,xSvo#gZZ,dxVZwAGL
mRyyW#gS,vCj8BDGR,pXeGGpKE,m#G#fLPF,nlJw26cR,gscBCNpA
#ubUWVkj,PUvupbzM,#S#6uVSs,ajuI6aHK,#dNkT#bi,8ZRNdbHQ
RNCxuMyY,l2oikMHW,wmU6QDQm,HC#PjP#e,fjKNwiEf,cMPr#qA8
PjWgd#f#,sLGfqssS,d4ZSGArK,QpkCjhhL,gcYI0iEG,eonhT8HW
DklUGHES,fLGz#6EJ,xe#gcGTs,#N6jnSIA,GfVJrbUa,TIMagHNP
PKawtYhI,yBckLaUp,sln4q8f2,4NOPLSlB,ZCtuIrrn,zuKL8SbB
S4#nnyYH,4EyGNY2l,ojq#q8#Q,ZgbhyJlB,4Z#v#xx0,CFfDWSMT
RmL#48Kd,dIDJTu2Y,y4LCh8mu,VtZtpLGn,4JVMc#vZ,ILDBl#Lp
LjHCukFe,cOY#8vDT,Otihr#fY,H6DmMyg#,kRRaYcBE,AbIjuvrJ
LyGjMGZ8,auxKgBi#,ro#aVb#f,FeSYGs4V,sZoUJGkB,lT#8shLW
iMk0PLqs,mHRFpHgS,E#lB#2yp,0LFP#yib,d##bCEgx,g0KKmFqG
0hlPXrfQ,RZIjuBkP,xbcrHyXn,KssdiwXo,RBu#Fo6i,#DDMTi04
vOXyljQJ,fFV#JuTb,SmFCm2fC,#6oL8wPb,84beoqVP,y0sHINld
Rfm#YFfl,#GbZuYju,LokpbXiw,#fPoLKnP,JU#uv#4C,##xPCeBX
APpXUbLg,zQpY#bKJ,gWv2RWBj,KbnVZbmg,ahoIh8pv,Q#Y#PLBM
Hy6VLdtS,JQMscxYA,QZU2mH#j,#qZKUcMg,sktwju#q,#rx#SgMV
W4Tcz4J0,8J4qaVBz,JKN4gixP,zmuepfRM,Zwh6y#qc,bWusdPZ#
YWnD#rym,daYdXTRl,t6#GJL8a,L#WaEk0i,F8SQ8dZP,eEh6ijQB
MvNblko8,Jhe#dl2c,UPKrrWH#,kVw0zmpW,CjxvTubI,UCkmIuHg
bDFdUwva,yJpqsHXu,F4uiNO#w,#VQRPlwm,LCW0ekQg,j#AedDOG
K#Kp4#Wj,c6APXJLm,DPinFJQn,lFHsuBDo,0dzczYSL,loCogCMD
EsjlMRTg,ySQZkRwv,#ctCmh0C,xry2fsng,U#MFTrW8,u6uFJX#b
zzNARWMa,sI#HTCdr,HgiKgbh0,vX0GhuHk,Iy8iiNdA,Ey8BMLSv
OHR6jsEI,yJp##bAx,nifEIaS0,i##XWEIP,6lHXLEkr,#EY6cAoX
vP8hC08Q,IhJpFhRH,qFIvZbJa,JotmypSW,bvcwUA4z,ELs#VuuK
ZdbNYfH#,Oz2B6sRa,vVUufZpH,8SYlR2JS,fwerhInb,LD2ZWDta
#GqWSY#x,vh6OwJx0,vzeCPgKE,bHzv#dWT,dnv42s8Y,2#mixx##
a6Sgkyo#,##ZvRm#z,m2IM#j#u,eWs8HXJW,iulmUbVX,EKBbqRji
sDDFO#6N,bndqHPgb,Qo6m6I8B,aGAqWphS,AdTtNgbs,HayDR#4T
U2MEHXWG,T#OOLD6m,qKnPWppf,WBUoaFno,#8DGqXPP,aWLkp4hy
H#i#MlpO,y#Qx#vcr,pwqBJsrT,KzTxRKzx,mODhDCrG,tXMwSNBV
Ki##j8y0,EzPUATju,KpeAmg#O,6OweJW#B,#4xH#nT2,DeKoNjgj
jax8WPqz,orCIZood,ixRE4MFS,RsuaEksm,#Sxlg42n,wRlRvo6Y
od4AJ4C0,Rr6pp#xj,t0ChtQGJ,eH2HLQtQ,imcKGeKG,R2xeRTvs
SeY8SAus,fTmrVaGT,n4#LG2k6,d#yigS#g,YjEEp#x6,#km8LHUz
H2kqZHC8,C86KKWV#,xX#jv#pj,WBNABGxk,IpTLkLiV,#FQnO#Ut
zA6keheE,S6S#aibC,w##oFK#R,uUQWaHMq,2pHdDYQn,fPgUJZhZ
rHoOkJKX,PNXN#cuX,#HfqABlW,JdZhW#li,oQqrk82i,f#k#f#AV
2#Avwbfs,vODcixpS,pOvQKlaX,y4nEw#CG,amyZXsI#,K#lsdxGf
#YO0jM#T,q#n##Lff,OTfZOMwP,DxpCmnzU,MPY6CYIs,RMZbhdpU
MFJABlrC,eJKCKf#v,POF468bM,qKTkMNBw,0F0BpDjP,2VSyPcyT
Hnh#6kOo,i#gVbfH#,Dd6gkzHQ,Fg0xHyjX,FI#qOg#G,EGnrOelf
CTmZqW#o,neYdMEG4,apbbF2aq,#LulYci0,GRvmBB4K,TqXicQuD
vD6#Z2Ch,daGsUuOO,klgN#lib,r02bEgJh,BpPF#xTt,tiHSfDDQ
RrUeHbS#,40bnXSjq,#Ri2NZGL,QU2VCGSn,VecmtITr,qsZ#PkLH
hmEqAAUa,tFvCL2eg,#VDuMIZ6,4qXEhQGM,RVHMLCpD,IAkzoMSF
ZQo6NESs,PEXLNbPi,aAL4c#IU,veybiftP,8qh#w4tE,ueMray#g
FEbUzY6#,btplKOnY,G0#kVYAF,yRtQFnk#,BPEh#HaU,iMg#FlTP
PnXgSzZR,japAncWh,lBN#mdl4,0xS#VM#U,rkjJ4hkp,WPMrQQNc
cud8Ruz#,tVWW#iRN,FPbWe4dJ,ROuuAevY,xv4Z0ebQ,OcrntzMy
#P#uDfLE,OZNKJvVi,kcGuVgAJ,Iq#GY8Vi,ztQGUL##,lm#nsQja
DbHeoXGd,2Va#h#Ba,xFc#ItfA,WiIbYEni,mK#amJUe,MilcKe#S
ixKMdRQh,wJUEaYA2,6S4u6M#I,qh#rdjr2,icNiQnZb,IpPtGW#y
kTVTHTg8,AthgCOPO,04ozuSWP,TZXzAWC4,BWLlCkoE,#ieDhs#U
SYsvekae,SG6oeqj6,dpeUvqPS,DkP#Br2H,psXUjpGY,v8AUrw#Z
JIxgFQ0Y,bQG##r8o,YkVOKqtv,TCDFCniI,4lRuAa#8,HdcruB0U
lfDeMijm,KBgiv4pb,MnDJx#XD,zSIDkQWJ,h4#Fix#h,inj#gheI
bUF#lBld,YFVjk2Da,Y4KqAIMS,H8yRuXAF,ckh6GWxr,akwYiXX6
KGIACloQ,YLlmrtcz,6OCvYkei,RT#EB2#n,ciiZ0eQ8,KVdytWur
HJ##ln2K,NMeWfUC#,bcohTUv#,yQquy#Gw,KXhG#IHl,MIlueOTB
t#TkzmHK,PQgXzcvF,TMv#Zvxj,ta#ekFe2,EEqo#sMj,eFjlTW#W
i#YEd2h0,txgnRIIt,IPNZGQ#4,4eZb#rZm,4EEtupDo,YwrFQcMi
xsZ4vJpi,akHbBemZ,Xg8#mJom,#EwpvnCz,N24kxPvt,fu#xxEo0
VuGos#EF,UlsW2TpG,##zlvzev,zkEvwIHw,jSMSHvEy,qVyvDGDh
#HZehSOs,iXwm#sUG,#vt4voVt,iDFI6Mk#,W24NZxUH,aIT8I4s#
PAX0zkQZ,iF##VBrd,am#NZGU#,cmitejJb,RubtKEHV,KdGPPuim
k#xYny#O,KYz8shn8,muqlUgYL,8lguLeQa,r6pXMFkh,P#ADb4ia
IuO#v#aP,Dz#dAuu#,UUalVNkY,uzVu4tZj,EFLyqhWj,bgPtZv20
aQLOgRx#,IRBq#on#,viIweolb,#k6JsVFu,MxSEOWJh,gMYoQYdI
oxBxx6#j,WKemiO8Y,yb##NmNV,tcQKoftK,UzjBqlLs,MuZ#eeRG
ip8kbCeY,D#atnmKv,Kq#p#WnW,M#btVaCb,buYoZNfl,#yohJQ##
Z8R8HtnL,k0bIT#dO,nQIR#SrS,mgPGSidY,XeG0IdY#,EazbUvYB
qrHpITo#,mYcRPXeu,kwo6k#2z,D#aIwC2w,OlkNJyVC,KkH#EozJ
2gI6Zzxd,si##eOK8,#pPFQfdE,XDSLAi#s,ztdDpPpa,BQBrulVb
rwyvpH0l,ZGsLNg#R,pJUqHAvf,#aGkaNLv,qmTLQblp,Skh#hYF#
f#OzTDvQ,PItqcn4A,B2N8JQGO,2odFJHwT,CRGZ0OxI,4LlX46K#
joxNMeiM,82#QGcrb,DsToc#SX,yEyzSSnY,o#TFAJSg,LJgk2OTp
Y#ACra#H,pa6Q6Jxz,ZH#cA#vz,iqVSj8cX,S8JllT0r,xkfZ#iTC
6AF8qQaG,mofCZ2ry,6#fUohIS,WRG#4#M8,#MpUEfD6,pCH4EE#T
AYYeQPoc,Q0cGgU##,Ils##gG4,nAod#tZQ,tBHeop4Y,Xo4NLP4c
YRkLqnRL,LrpajT2o,YjgXBzTP,y8GzSJnW,JEeQlq0x,tqiSx#uZ
2aqY#ZWG,k#U8mqeo,QdhsWuPO,4ac#Vikp,#GaCd66#,#sFyp0Cw
rhD#ud#Q,tAguhD8p,0#ERRG6Y,6EBVtv#e,ia#p#td#,hnrw4CXu
tl20f2#S,uWOaOA#O,DiF4f#g2,STTrjUNC,#zlLD0pU,e#06K##T
Yhgwkxh#,b0mJzEIz,RsJhQp8x,Qtv6rjNK,hHWxzuPM,sxr#Njxf
iiJjgB2e,WNUlmAM8,Y#QfjCVV,JpWXwXRa,rf##Quic,NT#Wehl#
NBLL##JI,sLqzbEXT,GWbN#ogk,R#zs#sru,ylVY2Ebn,yJz6qB#R
r2jyTpzv,cwkswC##,zFmZclRY,BQP#rUPX,yC#86S#X,iiJ#eTeX
lqOnrrnr,jqRF#unu,bQDoBBKS,gtPO#QMx,uMkIQcfo,otDEqEf0
nX2FGxPC,IsnAKj4J,Syh0W4Eb,##pYtaNT,yfQsd0MB,#lsR#oUs
ZFZBDqUf,mhN#GCAw,40xvzITQ,KuR6#4CV,ZHAnNhqR,umv#P6ka
#0GpmNBY,sIMXgrJo,OkB#W#qy,fXI#WehQ,OrLkF2#D,pch8#SSN
UPHkU6ZB,DLFF0GXE,Fzye#OJT,vMK8xI0C,ORqFddBR,A#RgKFm6
CSw86Rih,u2ExnseM,0#czI6SZ,oAvTthnY,qJQAsb0U,#Ss#OTZL
#w2pQZi4,gvrHEyX#,iiObFSJv,24yz6ULs,KC#NHJfh,bx2UyT4D
4m#r#uCI,W#VH#Dgh,FQYbbfYO,2LV#Oa#J,lGsjc8Fg,sFqCsQXg
I84MfVgB,CSerBE2h,8IaImK2#,JxV8g0vi,MA6KGIQ#,tJBQqsZo
pEVMn#Tk,r##xvYW4,wKoyRg0k,#WzQ2q0#,XjLCZGHh,LeOwvQmo
y4zYwRsg,a0QntzDf,UrIsWKhv,#ozgQFC6,BYH#N6jB,qUZhCsRE
vNQV#MsS,6FZ4P#yi,JqvEZxpx,#nq6vQWw,ieAhLt0N,FToIknwn
#XPKBN#M,IF2opOVP,YfrosdsY,Zf0j#IDR,E#sarYxJ,VaFYYQRo
08oVvAlc,FUaWE8PN,b##TkkD#,sUyPBiQc,ht#ZKsvU,VtzIak#D
vJl#lIii,X#MVu0jV,u2GdOznR,GqPbEDIi,lCtPKqUx,huFuMyF6
WAerdoFp,jWEFvbjy,#b#cXeI#,BAxM#Ji#,qpIce#Xf,IyVAUF#G
tcaM0ROy,fjfwRGoi,C8uvPKT#,avZv#dXE,bICJ#Iw4,zVIMOeWz
xiVADVJq,NfCBblKZ,t6xOCdKG,ByPQ0P82,HwdD#2Pd,Ww#P#ClJ
jGnDKI8U,bBO#xTZm,wuM#EQZS,26UgAM6#,xuVyE6T#,8y#A#yQG
qHRr#w#6,UFsMhLhw,oSMlwd#O,InsVYIOf,rGWY#2lw,EETIRzr#
pFCNbgYI,LLiYK48i,fSxinWQy,WRHyyyHA,h#oTlY0M,qdXKEg#u
Nwb6#NwT,PAnmHFrB,wOovY8tJ,XC#ZccP0,RVIXuRfd,dvPuRDfm
PGkYLFiI,S###Da#R,2aWbUKqd,N6z6rV0D,AYWah0Y0,#XrX0mb#
hWHCb##r,4iS4ScxT,YSnME2On,IO2yc#2m,RXTV6#Nt,vEYmzGBE
fZgeZe6#,Kng6fiTe,GqQxo#Bt,lATTvQNG,drnNAfOz,8WlSRf#Z
enJ#n##q,J4R8bPnJ,V0vc#EXE,HpnLSw82,WFrdSBHW,cG#DmKuY
w#Edqkp#,0#uMoNaO,DXzHaKx6,DpoFztXE,CqDIStcU,XlGpEw24
Sper2jwi,YIwGCRur,HwJqwgZV,K#sbqqeZ,vsk4HaHX,oIETH24d
RsmYnWjR,GhKqVIZq,qebbZF4B,lNpRPBY0,2InjQMJb,IsgoFyX0
nbotpsQh,8IkbeSWR,tiFx2s#R,#QnmlMnb,RakpGPRP,pJvOyBV4
CChaaNby,xfsQoobM,#sY6zUnL,SSrkaJrA,SzrfhLb6,TdDXSwO#
JmxZI#ro,#itbvWmq,rLdJkRW#,HKPgM#w#,Y0xmhjaB,zzdq#sLk
xn8Y2x#6,GUFWnmqe,UcmklRkv,CA#z2if#,DNAWsrvc,uBnLTeiy
mF#NWmXS,LQAiqrgL,PmJ8I2B4,V0rqd##O,xYbf#0ra,A#DTnSDL
SfN#Hehp,sWC8JOfS,K68V#FjI,rFI68YGJ,wWQaxK#k,VGYr6#f0
rCzZA2iT,MTgPsPsU,2Tc#ubQg,GA##kwRw,JY#lOBrM,sfBgRaB2
JWRogeyK,JXMtOReY,hTTysJRD,#lFBCnbl,aC6kT#Mz,dZ2r#zXA
xK4tPJb#,GmMVYaTb,D2qNQAQd,W2G8VLBa,di##V#kM,Ra#oiAcs
kd#rX4Py,GhHkSyxs,zqvDuw#m,TGG#SErq,ExqFr0lX,y#hqGp8V
FWx2#AR6,0vnO#LIC,gdShhZnC,a6#Dy2iT,rxcsGpeB,QpQUzsyi
mFkoUGa#,SNmurykm,6t6YOqcS,rU#4sxQ#,fB#tFzFp,UwkV#t#A
EM6ru#Mc,thLk#LDe,2wAfBmUp,V#DTaBgN,62LksBfg,UAFQnXmo
icmZhKDQ,S#YaXEOO,6TXdLznh,42NijukF,ZqKV4#4e,OKZWvAZ#
nNiysN6y,kJggnTm0,te#k4rAD,xPMOHfwb,2jCjS#Rk,NNp0xjP8
CWvNQ6DY,FFt2BUlP,CbSk0HcJ,gKt2eWmK,K68HszPU,cNGbunXy
J0w0RY##,NakZ#4Cg,iigNGJIg,eHqmB#8b,K#vgGzlg,zGznzbMX
NxQxuhbe,LXxLr#te,YO4#V#Xs,o#wJlq8l,fT2ZvGa#,#MjT4mOZ
xhu0vVOh,L##ww8Vj,tlIzAFKC,kcCQCbPT,lG80oTGX,Adbcun#h
QOcVm6o8,WXHXVCER,dykF6H#o,uMAsgyUK,xHxa#EjG,#GQ0ECYo
i#2No#wp,2BudFqzM,QHIDkYTT,zBLWUuUD,zVZ#QDiU,e#r##qGp
4#C0BDmu,6PfjUDMC,gWAe#LvC,8NSVYcA#,nKHXZYqH,#KWJOfJX
uATnrcFr,4clqFpKT,##ED8Uz2,n#O#TX8G,YCmQZu4k,RxoCliIv
QCxD8qdH,SO2vH#kQ,PrGCYK6B,rlgfUkQs,Zoys4Huz,6dUsaLX#
PlpZpm#j,xVuyLOl2,YzmvVKXs,rJNUFXfd,kXvFQr#i,IsmLIZSN
NnzWW#m6,MLFb8tCB,4PCRpZn8,sK#ghn#C,iDs6QaZV,TObYnsLn
IWPfvkFg,jWH0dKfO,#2S4XBhu,HxfnLdNF,0Jdl#oyP,jNU#GZuU
qr#kOIn#,6#wJcNBd,PW8WiL#F,PXeYyOoT,t4eOmtis,NKggVyxj
FLkk0jze,rFhEetqR,8Dr0tYnr,cYGx4yOz,mMOKrrZM,KAoSig2B
ryoHxL8N,lgA#MpXa,nzuC00d#,4L#Tyw0t,mCJfZT#B,b2iBeO#v
ATTMkWTH,d#YJyFBF,d6s2Yzz#,#IztKvJ2,K#PqUlWW,pddv4NyU
lFcNMc8F,BYm2AfE#,tAeJUB#h,VEVqVara,SDGiP8gw,PxliqSXq
HRpAiCTY,WffH6Vs6,KDaOO4Zh,#lzheJWl,WigCPHJF,OkUStWn6
V#jNz#rW,a0bzpL2p,AjdHi#IH,JyKOYWyA,dimFNQoU,OFsQdL#o
I2VrVtxK,Axfv0rMo,4#exwSYW,RiIi6Fz6,yN4wkSe#,wF8NFuJa
VHNBkFvY,npuMJ#xr,Jl2ls#bh,BeOAmqUv,#2iF##PU,4vVUO#8d
LBwc#aOx,ZgTjU#va,fIQL#y0x,CminGOM0,irXR8cL#,yGospmqj
qkKhQ#M#,lDGUPQH#,LpDzftcC,hGm#nO#m,sGZsJiGA,CmMvhvdK
aoE44bk#,6#ri#LKu,OAMlxJbA,xc#zcduG,ofogTxfO,BmXd#DmQ
xxAvZ#Hr,Y6GNerkb,Br#V#IR#,MUDuRjII,CHWEauMe,KSL#VIYU
qUdgJlA0,dJ#BVW0#,yMlgYJil,tYjCQNue,vdZuC6DI,zw4DITj#
i#ywCyDO,r#2qfDpR,HRdmEj8c,6S6ewNOm,RSWPVKRy,L#6#GyhV
cFxddcAI,d22oHWKr,pXpphWlW,N#sRI#Wg,6ExSNjSb,rJUasM6a
#aZOHKlq,yYAZeqQD,xoDA#kO4,y4WsTy#v,0a#E#8pA,M##OPHXq
rsgnq48B,rnSrNLRx,CSaVmd#F,GJ8#iaet,b#jYMop6,ByGFP#d2
dJyK8YKb,QsO#mNw#,D#8ZgGc#,uQLYIBIP,ZUkbKzxT,UMXUwiQE
m#PD0jlm,BrwysZ#o,VTLXHh#V,vBpnAEND,uvVbgBhL,R#AQiogQ
O4Vl4wiZ,KMLw#wB6,##NMkSlE,Tl#diFQb,xzH##QR8,#LK0xBlw
hBmMs80G,ET6eQ#Y4,6#HtTciA,#a6r#wwy,xCWPeOCQ,gg8dBMrH
jEmINHYA,zV#LuWlS,wimnN#ML,c#HX##b2,XW0ZRp0T,nyYFeaRi
uoIKXBRc,MsB#mqtr,e2hq6KgX,tQaVTHKC,vPVTECRh,cGIpRm2g
#aeCxGSU,HptPZGsA,ueMImsOF,2#I0eUzA,PUnDQJnB,qSwjcbqe
LqAB#ClH,MqItXFKT,4l6gfb##,ULME6CEb,l#Dr#U#P,8UcZp###
bQZKHtFb,N2q#GcRx,Wd#D4ah8,6envVuo6,Okidg6Ud,a#vi#bi#
80FroLf4,ZjtXet4Y,OCskCxA#,MWeGuSpq,YColKvPJ,QI#I#kvT
fDyMXEPw,mR#GkCOX,4qCOjJK8,i6FWdPFo,mjjACiEB,4i#NuYd2
dpryCzH4,EUoIdxOA,VkHIdKif,EooD##wS,hHmyu#Xb,K2l#820H
FSqpbKOV,ytNttVqE,jEI#6nBN,Cfh#jMwj,rPJnu#LW,ppmteQpI
0GOYh#gc,Pe62i8BK,hnc#Iuon,Z#mrTNgw,dSQWVkmW,gz#gPqH#
jz0EsmCZ,KmiwvaZE,Kqc#gqzW,6Y2asgw#,vPeiQs#o,tHT0ysTm
fZz#tj#k,a##4OYhi,L8HNuFjF,BWmpDub#,FGaE##hj,gXe6#6at
O2mVdz02,#6rnIHJS,n#fFYoJB,zg0j06VI,NQ#tTJWy,lBKKzqkd
jkUHlgF#,U60MFlOX,tnsGcZcP,yh#Uljkg,#hZbE#KW,XmdmxvUa
CytSCYmt,jurmprts,#i#bid#g,LC#XxJan,GygHkwY4,qcLF#I2#
coV0hU#k,qDvpxeAr,xkhSCTUt,wKKdd#rM,#TwpisfF,Y#4cxtFl
KYqYw0jR,p#eGEqpL,kdneZZVg,bE6#tyVX,MaVxd#vy,ulbhwdV#
#DmBE8CM,IYfknJEY,jhYK6vTp,LVenBRSY,UsLxZrnZ,hqRn6I#6
ssKp#qWr,GAS#LxdM,gt#WFFoJ,FUpr#Wga,BMewEmaS,ZuGoAxfl
##YoKEe2,pQWIe2oN,W0kQ#o8y,O6gf#dx0,iUJKphju,pGWTVuyF
Jo2#sXIA,#cNNgFwi,qmJD##6N,v#hZRDjF,NAUvtSQc,MBIG4ljI
#a62mypc,QJqek4A#,HqdzGZJ2,FrrcixID,SYg#jPIR,LNj4MrfT
dEoUhIOy,XsKGzXca,gCt2emu4,WPhKaiCX,2bu2CDXu,jdJMoQ#V
SZH#yWJL,UJWChyxa,W6W4gRWN,YJi##6O#,iwQ4#LWB,GT#yrOcs
o4e2DJuU,UthIBy#k,jj2K#X2x,gqErENv#,h4TJJspy,avmmTjyD
sUfpRdis,mmbcpFvY,SO##MBIl,sMnhpnjC,#k2VQAUm,RmELFHaB
#LnZZWuy,L#4crs#4,edEsc0RY,T2i#KQLL,44ddXwOc,2F#Bgu4s
y#IR28Vy,CxaGGN6o,#vesy##i,RK8onM#v,lCrJGTaw,8jB#r#Bk
UqXoM4yV,v#FDCgvu,naTz6nDe,rVlJd##D,qIcCGsnj,A#OqKsQI
DZuUsVpF,PBnSMCrq,gspcJ6EA,XJdZAAby,ftALxgDw,f#ZitmeP
uHDTssT#,Io#hR0cO,lpXaeQ6z,OGGBJJUb,w6fu#VEc,d0hg2zK#
MXkPluOX,DulMICYd,8#NfFGGg,b8TR6bqf,ze6HuOYa,hndMQaQQ
biEcM8rd,dzOXeV6z,q#kgV2fs,mNGdPWuF,tHFAOs#8,VlIMDGSM
zPSvamCY,PHqDo#m#,dq#fHFoO,QNxDixJG,hTFF#hIE,ymABSxxO
WMzi0SB2,ElfqiZLP,YnNAHJxx,lbuY8nRs,wpFJ6BI#,J##l#uom
VHzjar6y,#lSFtUb6,QJLbaf#b,yCyM6DCO,QBRWP#pN,RdgF#phR
d6#o8qDc,tktI#Uvx,4Ys##MUM,6BssjKWC,iM0PpSLt,dSFBr8LS
#GFvf##0,vRr2WRJQ,KjU#Swwi,SDM#p6Ou,GwffrN6t,UWry#bn#
2#8mCw84,B#nUU4Ox,Ju#PJgZ6,6dfuLx8E,uWjeRlzE,eEJdtXnA
ngJHa0mn,cIjk6CK#,rrlPU2Te,mCPLUiM6,2H#rmPKG,vsLpWYq6
rGFFq4wU,#JcvPKF#,zDwAtttG,ZlmN#i4q,pHevFuKI,fcwOXSof
tX#cizyt,6C8a82G#,Cgw4#lze,B4wI#jtY,lS2u#a#W,kiWfheAp
zVhAXBYc,p4dT#KKK,IWkZ#VWF,vKGRaPSL,gNWuCFdq,mXmXkYgc
CGs8UzkR,nKV2#kEE,04uNXR6D,nO8Ob#L#,dVbPsetX,uVfTSuk#
xAEsXINJ,42gmP4QE,LKcK2ncH,VRJOIbUI,#2VKmLFc,2TsuvUg#
wnV0Tp#y,DeTmLDq#,i0CTmcpX,Z#Uf6c6L,zlbQucBJ,ZVvAN4Kf
smbsT#pW,S4Jf#far,Acw#VNHj,iZgmLk#V,MFM#vfuX,ZSOlYW8C
IRKSLAMk,YT66ivUN,zHHH#LPF,c60wtme#,rSiIzHid,WY#pQMKs
Fpd#wynR,NLbTRAxP,blr6eDL#,VAJENEAO,ivxQIgYF,rxBPfYHA
4ziRL0RQ,JrBGF#I4,wRcQPMmL,nNfEHyTt,DyYfkvpU,0dvd8mc2
n#sMHFbY,#b8ebDxK,m#OZftnL,#rVm8i2l,KwPJyDr#,Dee8c4#h
#eSX#Jua,s#u2jE#V,bhakuzJh,lfDrmlSs,PaoWKIYz,RJ#sa2zb
IRDjzWka,oNV#Bvbl,48RnoJI0,UlXAfCAY,uSN#PDqu,weTAXrmV
e2I0Crzs,ppb#dcY0,EmwqXrGt,TjmkorLG,nz#TYnjG,MH00#OP8
OtrZMQ4e,6iH0Ou0o,oWAAX2gF,sKVM2d##,wxZGJuKW,Bhf#aqTw
epXrI6#Z,8g#ociKH,LBtoBF#l,6Ad#gx#C,R#0bpEoE,6g#6#DzU
DoIYfmo#,8gXAK#bY,4DarHov0,sTq8hxzO,em8Q6XS#,FaQ6#qxS
LufMbF#V,zO2u#WEw,HxjqhKDM,p6qaVxk#,R4#VrP8X,DTaEy##W
